Start;End;iterations;iops;terse_version_3;fio_version;jobname;groupid;error;read_kb;read_bandwidth_kb;read_iops;read_runtime_ms;read_slat_min_us;read_slat_max_us;read_slat_mean_us;read_slat_dev_us;read_clat_min_us;read_clat_max_us;read_clat_mean_us;read_clat_dev_us;read_clat_pct01;read_clat_pct02;read_clat_pct03;read_clat_pct04;read_clat_pct05;read_clat_pct06;read_clat_pct07;read_clat_pct08;read_clat_pct09;read_clat_pct10;read_clat_pct11;read_clat_pct12;read_clat_pct13;read_clat_pct14;read_clat_pct15;read_clat_pct16;read_clat_pct17;read_clat_pct18;read_clat_pct19;read_clat_pct20;read_tlat_min_us;read_lat_max_us;read_lat_mean_us;read_lat_dev_us;read_bw_min_kb;read_bw_max_kb;read_bw_agg_pct;read_bw_mean_kb;read_bw_dev_kb;write_kb;write_bandwidth_kb;write_iops;write_runtime_ms;write_slat_min_us;write_slat_max_us;write_slat_mean_us;write_slat_dev_us;write_clat_min_us;write_clat_max_us;write_clat_mean_us;write_clat_dev_us;write_clat_pct01;write_clat_pct02;write_clat_pct03;write_clat_pct04;write_clat_pct05;write_clat_pct06;write_clat_pct07;write_clat_pct08;write_clat_pct09;write_clat_pct10;write_clat_pct11;write_clat_pct12;write_clat_pct13;write_clat_pct14;write_clat_pct15;write_clat_pct16;write_clat_pct17;write_clat_pct18;write_clat_pct19;write_clat_pct20;write_tlat_min_us;write_lat_max_us;write_lat_mean_us;write_lat_dev_us;write_bw_min_kb;write_bw_max_kb;write_bw_agg_pct;write_bw_mean_kb;write_bw_dev_kb;cpu_user;cpu_sys;cpu_csw;cpu_mjf;cpu_minf;iodepth_1;iodepth_2;iodepth_4;iodepth_8;iodepth_16;iodepth_32;iodepth_64;lat_2us;lat_4us;lat_10us;lat_20us;lat_50us;lat_100us;lat_250us;lat_500us;lat_750us;lat_1000us;lat_2ms;lat_4ms;lat_10ms;lat_20ms;lat_50ms;lat_100ms;lat_250ms;lat_500ms;lat_750ms;lat_1000ms;lat_2000ms;lat_over_2000ms;disk_name;disk_read_iops;disk_write_iops;disk_read_merges;disk_write_merges;disk_read_ticks;write_ticks;disk_queue_time;disk_util
1682106322;1682106386;1;1000;3;fio-3.28;IOPS-read;0;0;1200000;19999;4999;60002;0;2067;38.174447;58.445122;2;2185;7.070753;19.313839;1.000000%=3;5.000000%=3;10.000000%=4;20.000000%=4;30.000000%=5;40.000000%=5;50.000000%=5;60.000000%=6;70.000000%=8;80.000000%=9;90.000000%=9;95.000000%=10;99.000000%=13;99.500000%=13;99.900000%=15;99.950000%=115;99.990000%=1003;0%=0;0%=0;0%=0;5;3921;47.090434;63.701459;19960;20064;100.000000%;20021.848739;4.196891;0;0;0;0;0;0;0.000000;0.000000;0;0;0.000000;0.000000;1.000000%=0;5.000000%=0;10.000000%=0;20.000000%=0;30.000000%=0;40.000000%=0;50.000000%=0;60.000000%=0;70.000000%=0;80.000000%=0;90.000000%=0;95.000000%=0;99.000000%=0;99.500000%=0;99.900000%=0;99.950000%=0;99.990000%=0;0%=0;0%=0;0%=0;0;0;0.000000;0.000000;0;0;0.000000%;0.000000;0.000000;0.926997%;3.889654%;365305;0;141;99.9%;0.1%;0.1%;0.1%;0.0%;0.0%;0.0%;0.00%;6.04%;85.34%;8.54%;0.03%;0.00%;0.01%;0.01%;0.01%;0.01%;0.01%;0.01%;0.00%;0.00%;0.00%;0.00%;0.00%;0.00%;0.00%;0.00%;0.00%;0.00%;sda;65450;43;0;59;7200;19;7223;62.14%
1682106386;1682106450;1;2000;3;fio-3.28;IOPS-read;0;0;2400000;39998;9999;60002;0;4907;25.215685;47.277179;2;10702;6.697616;89.546228;1.000000%=3;5.000000%=3;10.000000%=3;20.000000%=3;30.000000%=3;40.000000%=3;50.000000%=3;60.000000%=3;70.000000%=4;80.000000%=4;90.000000%=4;95.000000%=5;99.000000%=7;99.500000%=8;99.900000%=978;99.950000%=1925;99.990000%=3424;0%=0;0%=0;0%=0;5;10998;33.236705;106.759878;40000;40040;100.000000%;40014.453782;3.846355;0;0;0;0;0;0;0.000000;0.000000;0;0;0.000000;0.000000;1.000000%=0;5.000000%=0;10.000000%=0;20.000000%=0;30.000000%=0;40.000000%=0;50.000000%=0;60.000000%=0;70.000000%=0;80.000000%=0;90.000000%=0;95.000000%=0;99.000000%=0;99.500000%=0;99.900000%=0;99.950000%=0;99.990000%=0;0%=0;0%=0;0%=0;0;0;0.000000;0.000000;0;0;0.000000%;0.000000;0.000000;0.105666%;7.734282%;727878;0;222;99.8%;0.1%;0.1%;0.1%;0.1%;0.1%;0.0%;0.00%;65.04%;34.74%;0.06%;0.01%;0.01%;0.01%;0.02%;0.02%;0.01%;0.05%;0.04%;0.01%;0.01%;0.00%;0.00%;0.00%;0.00%;0.00%;0.00%;0.00%;0.00%;sda;128512;13;0;7;12509;16;12531;65.32%
1682106450;1682106515;1;3000;3;fio-3.28;IOPS-read;0;0;3600000;59997;14999;60003;0;2004;24.550639;47.517058;2;4418;6.677697;85.473434;1.000000%=3;5.000000%=3;10.000000%=3;20.000000%=3;30.000000%=3;40.000000%=3;50.000000%=3;60.000000%=3;70.000000%=3;80.000000%=3;90.000000%=3;95.000000%=4;99.000000%=4;99.500000%=4;99.900000%=1335;99.950000%=2375;99.990000%=3817;0%=0;0%=0;0%=0;5;6174;32.432168;103.689930;60000;60064;100.000000%;60025.411765;3.936858;0;0;0;0;0;0;0.000000;0.000000;0;0;0.000000;0.000000;1.000000%=0;5.000000%=0;10.000000%=0;20.000000%=0;30.000000%=0;40.000000%=0;50.000000%=0;60.000000%=0;70.000000%=0;80.000000%=0;90.000000%=0;95.000000%=0;99.000000%=0;99.500000%=0;99.900000%=0;99.950000%=0;99.990000%=0;0%=0;0%=0;0%=0;0;0;0.000000;0.000000;0;0;0.000000%;0.000000;0.000000;0.717990%;8.098559%;1078715;0;235;99.8%;0.1%;0.1%;0.1%;0.1%;0.1%;0.0%;0.00%;93.86%;5.87%;0.08%;0.02%;0.01%;0.01%;0.01%;0.01%;0.01%;0.05%;0.06%;0.01%;0.00%;0.00%;0.00%;0.00%;0.00%;0.00%;0.00%;0.00%;0.00%;sda;180223;28;0;26;18631;29;18666;67.66%
1682106515;1682106579;1;4000;3;fio-3.28;IOPS-read;0;0;4800000;79997;19999;60002;0;2836;25.140018;47.578709;2;4526;18.618626;228.399364;1.000000%=3;5.000000%=3;10.000000%=3;20.000000%=3;30.000000%=3;40.000000%=3;50.000000%=3;60.000000%=3;70.000000%=4;80.000000%=4;90.000000%=4;95.000000%=4;99.000000%=4;99.500000%=15;99.900000%=3981;99.950000%=4046;99.990000%=4227;0%=0;0%=0;0%=0;5;6155;45.060205;240.866744;80000;80080;100.000000%;80048.067227;3.710730;0;0;0;0;0;0;0.000000;0.000000;0;0;0.000000;0.000000;1.000000%=0;5.000000%=0;10.000000%=0;20.000000%=0;30.000000%=0;40.000000%=0;50.000000%=0;60.000000%=0;70.000000%=0;80.000000%=0;90.000000%=0;95.000000%=0;99.000000%=0;99.500000%=0;99.900000%=0;99.950000%=0;99.990000%=0;0%=0;0%=0;0%=0;0;0;0.000000;0.000000;0;0;0.000000%;0.000000;0.000000;0.276997%;16.050173%;1435742;0;229;99.5%;0.1%;0.1%;0.1%;0.1%;0.3%;0.0%;0.00%;68.43%;30.99%;0.09%;0.02%;0.01%;0.01%;0.01%;0.01%;0.01%;0.05%;0.29%;0.08%;0.00%;0.00%;0.00%;0.00%;0.00%;0.00%;0.00%;0.00%;0.00%;sda;245751;78;1;19;25622;19;25649;71.35%
1682106579;1682106644;1;5000;3;fio-3.28;IOPS-read;0;0;6000000;99995;24998;60003;0;1658;25.015696;46.669963;2;4518;31.728307;318.165906;1.000000%=3;5.000000%=3;10.000000%=3;20.000000%=3;30.000000%=3;40.000000%=3;50.000000%=4;60.000000%=4;70.000000%=4;80.000000%=4;90.000000%=5;95.000000%=5;99.000000%=10;99.500000%=3751;99.900000%=4046;99.950000%=4112;99.990000%=4227;0%=0;0%=0;0%=0;5;6116;58.126136;330.672270;98544;101600;100.000000%;100066.487395;39.944868;0;0;0;0;0;0;0.000000;0.000000;0;0;0.000000;0.000000;1.000000%=0;5.000000%=0;10.000000%=0;20.000000%=0;30.000000%=0;40.000000%=0;50.000000%=0;60.000000%=0;70.000000%=0;80.000000%=0;90.000000%=0;95.000000%=0;99.000000%=0;99.500000%=0;99.900000%=0;99.950000%=0;99.990000%=0;0%=0;0%=0;0%=0;0;0;0.000000;0.000000;0;0;0.000000%;0.000000;0.000000;0.387995%;17.959094%;1706345;1;229;99.1%;0.1%;0.1%;0.1%;0.1%;0.6%;0.0%;0.00%;44.58%;54.42%;0.14%;0.02%;0.01%;0.04%;0.01%;0.01%;0.01%;0.05%;0.55%;0.16%;0.00%;0.00%;0.00%;0.00%;0.00%;0.00%;0.00%;0.00%;0.00%;sda;308029;13;1;9;31338;5;31346;72.12%
1682106644;1682106708;1;6000;3;fio-3.28;IOPS-read;0;0;7200000;119996;29999;60002;0;1715;24.774239;47.045823;2;4544;48.941519;406.780404;1.000000%=3;5.000000%=3;10.000000%=3;20.000000%=3;30.000000%=3;40.000000%=3;50.000000%=3;60.000000%=4;70.000000%=4;80.000000%=4;90.000000%=4;95.000000%=4;99.000000%=3620;99.500000%=3883;99.900000%=4079;99.950000%=4145;99.990000%=4292;0%=0;0%=0;0%=0;5;6133;75.062862;420.507640;117456;122688;100.000000%;120062.521008;68.167657;0;0;0;0;0;0;0.000000;0.000000;0;0;0.000000;0.000000;1.000000%=0;5.000000%=0;10.000000%=0;20.000000%=0;30.000000%=0;40.000000%=0;50.000000%=0;60.000000%=0;70.000000%=0;80.000000%=0;90.000000%=0;95.000000%=0;99.000000%=0;99.500000%=0;99.900000%=0;99.950000%=0;99.990000%=0;0%=0;0%=0;0%=0;0;0;0.000000;0.000000;0;0;0.000000%;0.000000;0.000000;1.246992%;25.633496%;1800606;1;226;98.3%;0.5%;0.1%;0.1%;0.1%;1.1%;0.0%;0.00%;52.16%;46.02%;0.21%;0.01%;0.02%;0.31%;0.04%;0.01%;0.01%;0.05%;0.90%;0.25%;0.00%;0.00%;0.00%;0.00%;0.00%;0.00%;0.00%;0.00%;0.00%;sda;360439;13;5;9;37528;5;37534;72.93%
1682106708;1682106772;1;7000;3;fio-3.28;IOPS-read;0;0;8400000;139993;34998;60003;0;1691;24.796889;46.576621;2;4449;72.364078;489.520419;1.000000%=3;5.000000%=3;10.000000%=3;20.000000%=3;30.000000%=3;40.000000%=3;50.000000%=3;60.000000%=3;70.000000%=3;80.000000%=4;90.000000%=5;95.000000%=6;99.000000%=3751;99.500000%=3883;99.900000%=4046;99.950000%=4112;99.990000%=4227;0%=0;0%=0;0%=0;5;6101;98.434265;504.937510;137576;142544;100.000000%;140068.436975;76.532439;0;0;0;0;0;0;0.000000;0.000000;0;0;0.000000;0.000000;1.000000%=0;5.000000%=0;10.000000%=0;20.000000%=0;30.000000%=0;40.000000%=0;50.000000%=0;60.000000%=0;70.000000%=0;80.000000%=0;90.000000%=0;95.000000%=0;99.000000%=0;99.500000%=0;99.900000%=0;99.950000%=0;99.990000%=0;0%=0;0%=0;0%=0;0;0;0.000000;0.000000;0;0;0.000000%;0.000000;0.000000;1.212655%;24.462755%;2098657;0;235;95.8%;2.2%;0.2%;0.1%;0.1%;1.7%;0.0%;0.00%;73.14%;22.40%;1.08%;0.02%;0.11%;1.16%;0.23%;0.05%;0.02%;0.06%;1.57%;0.17%;0.00%;0.00%;0.00%;0.00%;0.00%;0.00%;0.00%;0.00%;0.00%;sda;425778;13;2;9;43463;3;43470;74.57%
1682106772;1682106837;1;8000;3;fio-3.28;IOPS-read;0;0;9600000;159992;39998;60003;0;2952;25.213646;47.796515;2;4716;220.073996;835.598149;1.000000%=3;5.000000%=3;10.000000%=3;20.000000%=3;30.000000%=3;40.000000%=3;50.000000%=3;60.000000%=3;70.000000%=4;80.000000%=4;90.000000%=13;95.000000%=3162;99.000000%=3883;99.500000%=3981;99.900000%=4145;99.950000%=4227;99.990000%=4358;0%=0;0%=0;0%=0;5;7115;246.579094;858.748599;155776;164360;100.000000%;160089.142857;207.624860;0;0;0;0;0;0;0.000000;0.000000;0;0;0.000000;0.000000;1.000000%=0;5.000000%=0;10.000000%=0;20.000000%=0;30.000000%=0;40.000000%=0;50.000000%=0;60.000000%=0;70.000000%=0;80.000000%=0;90.000000%=0;95.000000%=0;99.000000%=0;99.500000%=0;99.900000%=0;99.950000%=0;99.990000%=0;0%=0;0%=0;0%=0;0;0;0.000000;0.000000;0;0;0.000000%;0.000000;0.000000;1.343653%;27.913388%;2375845;0;228;87.1%;5.8%;1.0%;0.2%;0.1%;5.7%;0.0%;0.00%;60.69%;26.30%;3.56%;0.08%;0.08%;2.30%;0.72%;0.23%;0.10%;0.14%;5.36%;0.43%;0.00%;0.00%;0.00%;0.00%;0.00%;0.00%;0.00%;0.00%;0.00%;sda;487477;78;1;16;51393;25;51427;74.91%
1682106837;1682106901;1;9000;3;fio-3.28;IOPS-read;0;0;10800000;179991;44997;60003;0;2916;24.766322;47.601075;2;4621;347.639110;1001.006682;1.000000%=3;5.000000%=3;10.000000%=3;20.000000%=3;30.000000%=3;40.000000%=3;50.000000%=3;60.000000%=4;70.000000%=4;80.000000%=6;90.000000%=2244;95.000000%=3325;99.000000%=3883;99.500000%=3981;99.900000%=4145;99.950000%=4177;99.990000%=4292;0%=0;0%=0;0%=0;5;7248;373.701218;1028.047404;173192;187008;100.000000%;180085.042017;465.658194;0;0;0;0;0;0;0.000000;0.000000;0;0;0.000000;0.000000;1.000000%=0;5.000000%=0;10.000000%=0;20.000000%=0;30.000000%=0;40.000000%=0;50.000000%=0;60.000000%=0;70.000000%=0;80.000000%=0;90.000000%=0;95.000000%=0;99.000000%=0;99.500000%=0;99.900000%=0;99.950000%=0;99.990000%=0;0%=0;0%=0;0%=0;0;0;0.000000;0.000000;0;0;0.000000%;0.000000;0.000000;2.037980%;38.163285%;2558527;0;230;81.0%;7.1%;1.3%;0.3%;0.1%;10.1%;0.0%;0.00%;52.93%;27.98%;5.23%;0.14%;0.08%;2.23%;0.79%;0.23%;0.10%;0.17%;9.72%;0.41%;0.00%;0.00%;0.00%;0.00%;0.00%;0.00%;0.00%;0.00%;0.00%;sda;540650;16;3;10;57070;6;57080;75.57%
1682106901;1682106965;1;10000;3;fio-3.28;IOPS-read;0;0;12000000;199993;49998;60002;0;1713;25.413534;48.215359;2;4757;476.783005;1107.429775;1.000000%=3;5.000000%=3;10.000000%=3;20.000000%=3;30.000000%=4;40.000000%=4;50.000000%=4;60.000000%=4;70.000000%=5;80.000000%=12;90.000000%=2736;95.000000%=3325;99.000000%=3883;99.500000%=3981;99.900000%=4145;99.950000%=4227;99.990000%=4292;0%=0;0%=0;0%=0;5;6370;503.545979;1136.847610;189272;210960;100.000000%;200105.613445;943.795162;0;0;0;0;0;0;0.000000;0.000000;0;0;0.000000;0.000000;1.000000%=0;5.000000%=0;10.000000%=0;20.000000%=0;30.000000%=0;40.000000%=0;50.000000%=0;60.000000%=0;70.000000%=0;80.000000%=0;90.000000%=0;95.000000%=0;99.000000%=0;99.500000%=0;99.900000%=0;99.950000%=0;99.990000%=0;0%=0;0%=0;0%=0;0;0;0.000000;0.000000;0;0;0.000000%;0.000000;0.000000;1.344991%;28.243145%;2766204;0;231;75.5%;7.7%;1.0%;0.2%;0.1%;15.5%;0.0%;0.00%;29.07%;46.27%;6.15%;0.18%;0.04%;1.92%;0.53%;0.14%;0.06%;0.80%;14.37%;0.47%;0.00%;0.00%;0.00%;0.00%;0.00%;0.00%;0.00%;0.00%;0.00%;sda;605898;13;3;9;64749;6;64759;76.11%
1682106965;1682107030;1;11000;3;fio-3.28;IOPS-read;0;0;13200000;219996;54999;60001;0;2865;25.445268;48.645462;2;4658;578.043723;1155.175486;1.000000%=3;5.000000%=3;10.000000%=3;20.000000%=3;30.000000%=3;40.000000%=4;50.000000%=4;60.000000%=4;70.000000%=5;80.000000%=1581;90.000000%=2736;95.000000%=3325;99.000000%=3883;99.500000%=3981;99.900000%=4145;99.950000%=4227;99.990000%=4292;0%=0;0%=0;0%=0;5;7071;604.824931;1185.997827;202368;237864;100.000000%;220117.781513;1715.146583;0;0;0;0;0;0;0.000000;0.000000;0;0;0.000000;0.000000;1.000000%=0;5.000000%=0;10.000000%=0;20.000000%=0;30.000000%=0;40.000000%=0;50.000000%=0;60.000000%=0;70.000000%=0;80.000000%=0;90.000000%=0;95.000000%=0;99.000000%=0;99.500000%=0;99.900000%=0;99.950000%=0;99.990000%=0;0%=0;0%=0;0%=0;0;0;0.000000;0.000000;0;0;0.000000%;0.000000;0.000000;2.501000%;50.702333%;1935728;0;236;72.4%;5.9%;0.7%;0.1%;0.1%;20.8%;0.0%;0.00%;39.11%;33.20%;4.90%;0.22%;0.02%;1.24%;0.33%;0.09%;0.06%;3.51%;16.84%;0.46%;0.00%;0.00%;0.00%;0.00%;0.00%;0.00%;0.00%;0.00%;0.00%;sda;666626;13;2;9;71799;5;71806;76.55%
1682107030;1682107094;1;12000;3;fio-3.28;IOPS-read;0;0;14400000;239992;59998;60002;0;3215;25.263705;48.633009;2;9180;643.340399;1163.288057;1.000000%=3;5.000000%=3;10.000000%=3;20.000000%=3;30.000000%=3;40.000000%=3;50.000000%=4;60.000000%=4;70.000000%=10;80.000000%=1777;90.000000%=2736;95.000000%=3325;99.000000%=3883;99.500000%=3981;99.900000%=4145;99.950000%=4227;99.990000%=4292;0%=0;0%=0;0%=0;5;10669;669.938011;1194.545805;214800;265520;100.000000%;240149.714286;2582.788546;0;0;0;0;0;0;0.000000;0.000000;0;0;0.000000;0.000000;1.000000%=0;5.000000%=0;10.000000%=0;20.000000%=0;30.000000%=0;40.000000%=0;50.000000%=0;60.000000%=0;70.000000%=0;80.000000%=0;90.000000%=0;95.000000%=0;99.000000%=0;99.500000%=0;99.900000%=0;99.950000%=0;99.990000%=0;0%=0;0%=0;0%=0;0;0;0.000000;0.000000;0;0;0.000000%;0.000000;0.000000;2.790648%;57.690282%;1485743;0;229;69.6%;4.4%;0.6%;0.1%;0.1%;25.2%;0.0%;0.00%;40.24%;29.25%;3.85%;0.26%;0.03%;0.79%;0.22%;0.08%;0.18%;7.54%;17.13%;0.44%;0.00%;0.00%;0.00%;0.00%;0.00%;0.00%;0.00%;0.00%;0.00%;sda;720889;13;1;9;77648;4;77655;77.07%
1682107094;1682107159;1;13000;3;fio-3.28;IOPS-read;0;0;15600000;259987;64996;60003;0;2550;25.583947;48.775671;2;8722;706.662497;1166.592863;1.000000%=3;5.000000%=3;10.000000%=3;20.000000%=3;30.000000%=3;40.000000%=4;50.000000%=4;60.000000%=4;70.000000%=708;80.000000%=1826;90.000000%=2736;95.000000%=3325;99.000000%=3883;99.500000%=3981;99.900000%=4145;99.950000%=4227;99.990000%=4292;0%=0;0%=0;0%=0;5;10289;733.573692;1198.140250;226256;294032;99.986202%;259951.126050;3687.398641;0;0;0;0;0;0;0.000000;0.000000;0;0;0.000000;0.000000;1.000000%=0;5.000000%=0;10.000000%=0;20.000000%=0;30.000000%=0;40.000000%=0;50.000000%=0;60.000000%=0;70.000000%=0;80.000000%=0;90.000000%=0;95.000000%=0;99.000000%=0;99.500000%=0;99.900000%=0;99.950000%=0;99.990000%=0;0%=0;0%=0;0%=0;0;0;0.000000;0.000000;0;0;0.000000%;0.000000;0.000000;3.308300%;68.818645%;788320;0;240;65.9%;3.4%;0.5%;0.1%;0.1%;30.0%;0.0%;0.00%;39.08%;26.80%;3.05%;0.24%;0.03%;0.53%;0.15%;0.18%;0.81%;11.38%;17.34%;0.43%;0.00%;0.00%;0.00%;0.00%;0.00%;0.00%;0.00%;0.00%;0.00%;sda;786030;13;4;9;84979;8;84990;77.47%
1682107159;1682107223;1;14000;3;fio-3.28;IOPS-read;0;0;16782844;279709;69927;60001;0;3249;25.598696;49.247686;2;4723;759.072902;1164.259372;1.000000%=3;5.000000%=3;10.000000%=3;20.000000%=3;30.000000%=3;40.000000%=4;50.000000%=4;60.000000%=4;70.000000%=1155;80.000000%=1826;90.000000%=2736;95.000000%=3325;99.000000%=3883;99.500000%=3981;99.900000%=4145;99.950000%=4227;99.990000%=4292;0%=0;0%=0;0%=0;5;7471;786.009418;1196.186415;235536;324848;100.000000%;280185.546218;5158.284488;0;0;0;0;0;0;0.000000;0.000000;0;0;0.000000;0.000000;1.000000%=0;5.000000%=0;10.000000%=0;20.000000%=0;30.000000%=0;40.000000%=0;50.000000%=0;60.000000%=0;70.000000%=0;80.000000%=0;90.000000%=0;95.000000%=0;99.000000%=0;99.500000%=0;99.900000%=0;99.950000%=0;99.990000%=0;0%=0;0%=0;0%=0;0;0;0.000000;0.000000;0;0;0.000000%;0.000000;0.000000;3.222333%;66.720667%;849311;0;233;62.1%;2.7%;0.4%;0.1%;0.1%;34.7%;0.0%;0.00%;31.71%;30.33%;2.47%;0.25%;0.03%;0.37%;0.14%;0.64%;2.12%;14.02%;17.46%;0.47%;0.00%;0.00%;0.00%;0.00%;0.00%;0.00%;0.00%;0.00%;0.00%;sda;843116;13;3;9;91749;7;91759;77.52%
1682107223;1682107287;1;15000;3;fio-3.28;IOPS-read;0;0;18000000;299990;74997;60002;0;3299;25.597923;49.131769;2;5761;791.918653;1152.030654;1.000000%=3;5.000000%=3;10.000000%=3;20.000000%=3;30.000000%=3;40.000000%=4;50.000000%=4;60.000000%=14;70.000000%=1171;80.000000%=1810;90.000000%=2736;95.000000%=3325;99.000000%=3915;99.500000%=4014;99.900000%=4177;99.950000%=4227;99.990000%=4358;0%=0;0%=0;0%=0;5;7827;818.852146;1183.850703;245904;354520;100.000000%;300191.798319;6861.286844;0;0;0;0;0;0;0.000000;0.000000;0;0;0.000000;0.000000;1.000000%=0;5.000000%=0;10.000000%=0;20.000000%=0;30.000000%=0;40.000000%=0;50.000000%=0;60.000000%=0;70.000000%=0;80.000000%=0;90.000000%=0;95.000000%=0;99.000000%=0;99.500000%=0;99.900000%=0;99.950000%=0;99.990000%=0;0%=0;0%=0;0%=0;0;0;0.000000;0.000000;0;0;0.000000%;0.000000;0.000000;3.540310%;64.313571%;903266;0;225;58.6%;2.1%;0.3%;0.1%;0.1%;38.9%;0.0%;0.00%;38.24%;20.30%;1.99%;0.19%;0.03%;0.24%;0.27%;1.80%;3.86%;15.38%;17.19%;0.51%;0.00%;0.00%;0.00%;0.00%;0.00%;0.00%;0.00%;0.00%;0.00%;sda;901099;13;5;9;98329;6;98338;78.05%
1682107287;1682107352;1;16000;3;fio-3.28;IOPS-read;0;0;19200000;319989;79997;60002;0;2571;25.715160;49.236193;2;4663;825.895864;1140.977574;1.000000%=3;5.000000%=3;10.000000%=3;20.000000%=3;30.000000%=3;40.000000%=4;50.000000%=4;60.000000%=692;70.000000%=1187;80.000000%=1826;90.000000%=2736;95.000000%=3325;99.000000%=3883;99.500000%=3981;99.900000%=4145;99.950000%=4227;99.990000%=4358;0%=0;0%=0;0%=0;5;6968;852.939712;1172.818552;253704;386712;99.949066%;319826.016807;8949.837388;0;0;0;0;0;0;0.000000;0.000000;0;0;0.000000;0.000000;1.000000%=0;5.000000%=0;10.000000%=0;20.000000%=0;30.000000%=0;40.000000%=0;50.000000%=0;60.000000%=0;70.000000%=0;80.000000%=0;90.000000%=0;95.000000%=0;99.000000%=0;99.500000%=0;99.900000%=0;99.950000%=0;99.990000%=0;0%=0;0%=0;0%=0;0;0;0.000000;0.000000;0;0;0.000000%;0.000000;0.000000;3.081656%;62.498125%;968669;0;225;54.7%;1.7%;0.2%;0.1%;0.1%;43.2%;0.0%;0.00%;35.67%;18.99%;1.59%;0.16%;0.03%;0.19%;0.70%;3.58%;5.31%;16.02%;17.28%;0.48%;0.00%;0.00%;0.00%;0.00%;0.00%;0.00%;0.00%;0.00%;0.00%;sda;966048;13;2;9;105449;4;105456;78.41%
1682107352;1682107416;1;17000;3;fio-3.28;IOPS-read;0;0;20364784;339407;84851;60001;0;3281;25.598800;49.410862;2;5670;850.769123;1131.579784;1.000000%=3;5.000000%=3;10.000000%=3;20.000000%=3;30.000000%=3;40.000000%=4;50.000000%=4;60.000000%=749;70.000000%=1187;80.000000%=1826;90.000000%=2736;95.000000%=3325;99.000000%=3883;99.500000%=3981;99.900000%=4145;99.950000%=4227;99.990000%=4358;0%=0;0%=0;0%=0;5;7469;877.699156;1163.556908;262912;417544;100.000000%;340220.369748;10564.848283;0;0;0;0;0;0;0.000000;0.000000;0;0;0.000000;0.000000;1.000000%=0;5.000000%=0;10.000000%=0;20.000000%=0;30.000000%=0;40.000000%=0;50.000000%=0;60.000000%=0;70.000000%=0;80.000000%=0;90.000000%=0;95.000000%=0;99.000000%=0;99.500000%=0;99.900000%=0;99.950000%=0;99.990000%=0;0%=0;0%=0;0%=0;0;0;0.000000;0.000000;0;0;0.000000%;0.000000;0.000000;3.373333%;60.099667%;1027272;0;235;51.3%;1.3%;0.1%;0.1%;0.1%;47.1%;0.0%;0.00%;32.79%;18.22%;1.43%;0.14%;0.03%;0.13%;1.59%;5.60%;6.20%;16.07%;17.34%;0.45%;0.00%;0.00%;0.00%;0.00%;0.00%;0.00%;0.00%;0.00%;0.00%;sda;1020749;13;1;9;111721;4;111729;78.41%
1682107416;1682107480;1;18000;3;fio-3.28;IOPS-read;0;0;21600000;359988;89997;60002;0;2825;25.374938;49.238128;3;6194;868.320789;1117.159216;1.000000%=3;5.000000%=3;10.000000%=3;20.000000%=3;30.000000%=3;40.000000%=4;50.000000%=411;60.000000%=757;70.000000%=1171;80.000000%=1810;90.000000%=2736;95.000000%=3325;99.000000%=3883;99.500000%=3981;99.900000%=4145;99.950000%=4227;99.990000%=4358;0%=0;0%=0;0%=0;5;7153;895.025662;1149.069045;271624;448840;99.886672%;359580.033613;12777.463803;0;0;0;0;0;0;0.000000;0.000000;0;0;0.000000;0.000000;1.000000%=0;5.000000%=0;10.000000%=0;20.000000%=0;30.000000%=0;40.000000%=0;50.000000%=0;60.000000%=0;70.000000%=0;80.000000%=0;90.000000%=0;95.000000%=0;99.000000%=0;99.500000%=0;99.900000%=0;99.950000%=0;99.990000%=0;0%=0;0%=0;0%=0;0;0;0.000000;0.000000;0;0;0.000000%;0.000000;0.000000;3.350655%;58.070140%;1083844;0;230;47.6%;1.0%;0.1%;0.1%;0.1%;51.1%;0.0%;0.00%;32.49%;15.03%;0.99%;0.13%;0.03%;0.11%;3.18%;7.62%;6.66%;16.12%;17.19%;0.45%;0.00%;0.00%;0.00%;0.00%;0.00%;0.00%;0.00%;0.00%;0.00%;sda;1081316;13;6;9;118145;5;118153;78.95%
1682107480;1682107545;1;19000;3;fio-3.28;IOPS-read;0;0;22800000;379987;94996;60002;0;3185;25.577236;49.276085;2;8863;891.488411;1107.194791;1.000000%=3;5.000000%=3;10.000000%=3;20.000000%=3;30.000000%=4;40.000000%=4;50.000000%=497;60.000000%=774;70.000000%=1187;80.000000%=1826;90.000000%=2736;95.000000%=3325;99.000000%=3883;99.500000%=3981;99.900000%=4145;99.950000%=4227;99.990000%=4292;0%=0;0%=0;0%=0;5;10440;918.398312;1139.026349;276776;483752;100.000000%;380075.764706;14698.498091;0;0;0;0;0;0;0.000000;0.000000;0;0;0.000000;0.000000;1.000000%=0;5.000000%=0;10.000000%=0;20.000000%=0;30.000000%=0;40.000000%=0;50.000000%=0;60.000000%=0;70.000000%=0;80.000000%=0;90.000000%=0;95.000000%=0;99.000000%=0;99.500000%=0;99.900000%=0;99.950000%=0;99.990000%=0;0%=0;0%=0;0%=0;0;0;0.000000;0.000000;0;0;0.000000%;0.000000;0.000000;2.786657%;56.362812%;1149303;0;220;43.6%;0.7%;0.1%;0.1%;0.1%;55.4%;0.0%;0.00%;29.43%;14.20%;0.65%;0.10%;0.03%;0.10%;5.55%;9.20%;6.81%;16.20%;17.27%;0.45%;0.00%;0.00%;0.00%;0.00%;0.00%;0.00%;0.00%;0.00%;0.00%;sda;1144449;13;5;11;125046;4;125053;79.16%
1682107545;1682107609;1;20000;3;fio-3.28;IOPS-read;0;0;23957564;399286;99821;60001;0;2846;25.529493;49.197287;3;5194;906.109358;1098.011321;1.000000%=3;5.000000%=3;10.000000%=3;20.000000%=3;30.000000%=4;40.000000%=6;50.000000%=518;60.000000%=765;70.000000%=1187;80.000000%=1810;90.000000%=2736;95.000000%=3325;99.000000%=3883;99.500000%=3981;99.900000%=4145;99.950000%=4227;99.990000%=4358;0%=0;0%=0;0%=0;5;7171;932.972580;1129.865868;284128;513200;100.000000%;400259.361345;16286.718532;0;0;0;0;0;0;0.000000;0.000000;0;0;0.000000;0.000000;1.000000%=0;5.000000%=0;10.000000%=0;20.000000%=0;30.000000%=0;40.000000%=0;50.000000%=0;60.000000%=0;70.000000%=0;80.000000%=0;90.000000%=0;95.000000%=0;99.000000%=0;99.500000%=0;99.900000%=0;99.950000%=0;99.990000%=0;0%=0;0%=0;0%=0;0;0;0.000000;0.000000;0;0;0.000000%;0.000000;0.000000;2.733000%;54.392000%;1206147;0;230;40.2%;0.5%;0.1%;0.1%;0.1%;59.1%;0.0%;0.00%;25.60%;14.56%;0.41%;0.11%;0.04%;0.09%;8.36%;10.18%;6.84%;16.09%;17.28%;0.44%;0.00%;0.00%;0.00%;0.00%;0.00%;0.00%;0.00%;0.00%;0.00%;sda;1199130;14;3;8;130825;6;130834;79.31%
1682107609;1682107673;1;21000;3;fio-3.28;IOPS-read;0;0;25200000;419979;104994;60003;0;3374;25.570243;49.234570;3;5690;921.365413;1086.617969;1.000000%=3;5.000000%=3;10.000000%=3;20.000000%=3;30.000000%=4;40.000000%=317;50.000000%=528;60.000000%=765;70.000000%=1187;80.000000%=1810;90.000000%=2736;95.000000%=3325;99.000000%=3883;99.500000%=3981;99.900000%=4145;99.950000%=4227;99.990000%=4358;0%=0;0%=0;0%=0;5;7899;948.275582;1118.375342;292096;539840;99.849522%;419347.025210;17656.282952;0;0;0;0;0;0;0.000000;0.000000;0;0;0.000000;0.000000;1.000000%=0;5.000000%=0;10.000000%=0;20.000000%=0;30.000000%=0;40.000000%=0;50.000000%=0;60.000000%=0;70.000000%=0;80.000000%=0;90.000000%=0;95.000000%=0;99.000000%=0;99.500000%=0;99.900000%=0;99.950000%=0;99.990000%=0;0%=0;0%=0;0%=0;0;0;0.000000;0.000000;0;0;0.000000%;0.000000;0.000000;3.176624%;51.866642%;1264574;2;239;36.2%;0.3%;0.1%;0.1%;0.1%;63.3%;0.0%;0.00%;21.39%;14.72%;0.31%;0.08%;0.04%;0.10%;11.88%;10.80%;6.88%;16.13%;17.19%;0.47%;0.00%;0.00%;0.00%;0.00%;0.00%;0.00%;0.00%;0.00%;0.00%;sda;1261537;14;3;8;138330;5;138339;79.78%
1682107673;1682107738;1;22000;3;fio-3.28;IOPS-read;0;0;26339624;438979;109744;60002;0;3130;25.653687;49.213239;3;4678;938.068960;1076.850340;1.000000%=3;5.000000%=3;10.000000%=3;20.000000%=3;30.000000%=4;40.000000%=346;50.000000%=528;60.000000%=774;70.000000%=1187;80.000000%=1826;90.000000%=2736;95.000000%=3325;99.000000%=3883;99.500000%=3981;99.900000%=4145;99.950000%=4227;99.990000%=4292;0%=0;0%=0;0%=0;5;7537;965.058977;1108.582431;297352;559672;100.000000%;440299.831933;18689.503931;0;0;0;0;0;0;0.000000;0.000000;0;0;0.000000;0.000000;1.000000%=0;5.000000%=0;10.000000%=0;20.000000%=0;30.000000%=0;40.000000%=0;50.000000%=0;60.000000%=0;70.000000%=0;80.000000%=0;90.000000%=0;95.000000%=0;99.000000%=0;99.500000%=0;99.900000%=0;99.950000%=0;99.990000%=0;0%=0;0%=0;0%=0;0;0;0.000000;0.000000;0;0;0.000000%;0.000000;0.000000;2.739658%;50.115500%;1328759;0;232;32.3%;0.2%;0.1%;0.1%;0.1%;67.3%;0.0%;0.00%;21.70%;10.61%;0.14%;0.05%;0.04%;0.10%;15.51%;11.02%;6.86%;16.22%;17.33%;0.42%;0.00%;0.00%;0.00%;0.00%;0.00%;0.00%;0.00%;0.00%;0.00%;sda;1322067;14;4;8;144303;4;144311;79.83%
1682107738;1682107802;1;23000;3;fio-3.28;IOPS-read;0;0;27553368;459207;114801;60002;0;2488;25.573748;49.285352;3;4795;953.418848;1069.865074;1.000000%=3;5.000000%=3;10.000000%=3;20.000000%=4;30.000000%=305;40.000000%=403;50.000000%=528;60.000000%=765;70.000000%=1187;80.000000%=1826;90.000000%=2736;95.000000%=3358;99.000000%=3883;99.500000%=3981;99.900000%=4145;99.950000%=4227;99.990000%=4292;0%=0;0%=0;0%=0;5;6708;980.334284;1101.779522;301984;576712;99.982518%;459126.722689;19401.635887;0;0;0;0;0;0;0.000000;0.000000;0;0;0.000000;0.000000;1.000000%=0;5.000000%=0;10.000000%=0;20.000000%=0;30.000000%=0;40.000000%=0;50.000000%=0;60.000000%=0;70.000000%=0;80.000000%=0;90.000000%=0;95.000000%=0;99.000000%=0;99.500000%=0;99.900000%=0;99.950000%=0;99.990000%=0;0%=0;0%=0;0%=0;0;0;0.000000;0.000000;0;0;0.000000%;0.000000;0.000000;2.681324%;48.099173%;1385528;0;228;28.1%;0.1%;0.1%;0.1%;0.1%;71.6%;0.0%;0.00%;19.06%;9.06%;0.07%;0.05%;0.04%;0.10%;19.74%;11.15%;6.86%;16.13%;17.26%;0.49%;0.00%;0.00%;0.00%;0.00%;0.00%;0.00%;0.00%;0.00%;0.00%;sda;1377969;14;5;8;151275;5;151283;79.92%
1682107802;1682107867;1;24000;3;fio-3.28;IOPS-read;0;0;28800000;479976;119994;60003;0;3383;25.737411;49.071323;3;5086;964.128139;1057.199079;1.000000%=3;5.000000%=4;10.000000%=4;20.000000%=4;30.000000%=309;40.000000%=403;50.000000%=528;60.000000%=765;70.000000%=1171;80.000000%=1810;90.000000%=2736;95.000000%=3325;99.000000%=3883;99.500000%=3981;99.900000%=4145;99.950000%=4227;99.990000%=4358;0%=0;0%=0;0%=0;5;7525;991.207272;1088.796324;307816;588792;99.907348%;479531.294118;19500.638813;0;0;0;0;0;0;0.000000;0.000000;0;0;0.000000;0.000000;1.000000%=0;5.000000%=0;10.000000%=0;20.000000%=0;30.000000%=0;40.000000%=0;50.000000%=0;60.000000%=0;70.000000%=0;80.000000%=0;90.000000%=0;95.000000%=0;99.000000%=0;99.500000%=0;99.900000%=0;99.950000%=0;99.990000%=0;0%=0;0%=0;0%=0;0;0;0.000000;0.000000;0;0;0.000000%;0.000000;0.000000;2.750963%;45.925054%;1445165;1;228;24.1%;0.1%;0.1%;0.1%;0.1%;75.7%;0.0%;0.00%;4.17%;19.91%;0.04%;0.03%;0.04%;0.11%;23.86%;11.20%;6.86%;16.12%;17.21%;0.46%;0.00%;0.00%;0.00%;0.00%;0.00%;0.00%;0.00%;0.00%;0.00%;sda;1441667;100;3;42;157946;42;157993;80.84%
1682107867;1682107931;1;25000;3;fio-3.28;IOPS-read;0;0;29908372;498464;124616;60001;0;3214;25.610192;49.175819;2;5095;981.272170;1048.841392;1.000000%=3;5.000000%=3;10.000000%=3;20.000000%=201;30.000000%=313;40.000000%=407;50.000000%=528;60.000000%=774;70.000000%=1187;80.000000%=1826;90.000000%=2736;95.000000%=3325;99.000000%=3883;99.500000%=3981;99.900000%=4145;99.950000%=4227;99.990000%=4358;0%=0;0%=0;0%=0;5;7463;1008.225004;1080.710025;312960;603312;100.000000%;500338.823529;19151.453756;0;0;0;0;0;0;0.000000;0.000000;0;0;0.000000;0.000000;1.000000%=0;5.000000%=0;10.000000%=0;20.000000%=0;30.000000%=0;40.000000%=0;50.000000%=0;60.000000%=0;70.000000%=0;80.000000%=0;90.000000%=0;95.000000%=0;99.000000%=0;99.500000%=0;99.900000%=0;99.950000%=0;99.990000%=0;0%=0;0%=0;0%=0;0;0;0.000000;0.000000;0;0;0.000000%;0.000000;0.000000;2.554333%;43.931333%;1507539;0;230;19.9%;0.1%;0.1%;0.1%;0.1%;79.9%;0.0%;0.00%;13.66%;6.20%;0.02%;0.02%;0.04%;0.11%;27.98%;11.18%;6.85%;16.17%;17.30%;0.48%;0.00%;0.00%;0.00%;0.00%;0.00%;0.00%;0.00%;0.00%;0.00%;sda;1500137;17;5;9;164354;10;164369;82.13%
1682106322;1682106386;1;1000;3;fio-3.28;IOPS-read;0;0;1200000;19998;4999;60004;0;3020;42.067228;64.486979;2;3614;8.773714;44.174513;1.000000%=3;5.000000%=4;10.000000%=5;20.000000%=5;30.000000%=6;40.000000%=7;50.000000%=8;60.000000%=8;70.000000%=8;80.000000%=9;90.000000%=9;95.000000%=10;99.000000%=13;99.500000%=14;99.900000%=27;99.950000%=856;99.990000%=2408;0%=0;0%=0;0%=0;6;5274;52.927328;81.566808;20000;20040;100.000000%;20021.176471;3.996433;0;0;0;0;0;0;0.000000;0.000000;0;0;0.000000;0.000000;1.000000%=0;5.000000%=0;10.000000%=0;20.000000%=0;30.000000%=0;40.000000%=0;50.000000%=0;60.000000%=0;70.000000%=0;80.000000%=0;90.000000%=0;95.000000%=0;99.000000%=0;99.500000%=0;99.900000%=0;99.950000%=0;99.990000%=0;0%=0;0%=0;0%=0;0;0;0.000000;0.000000;0;0;0.000000%;0.000000;0.000000;0.000000%;5.465224%;365299;0;198;99.9%;0.1%;0.1%;0.1%;0.1%;0.0%;0.0%;0.00%;1.26%;90.67%;7.85%;0.13%;0.01%;0.01%;0.01%;0.01%;0.01%;0.02%;0.02%;0.00%;0.00%;0.00%;0.00%;0.00%;0.00%;0.00%;0.00%;0.00%;0.00%;sda;65603;47;31;3;8046;9;8057;62.47%
1682106386;1682106450;1;2000;3;fio-3.28;IOPS-read;0;0;2400000;39998;9999;60002;0;1861;30.520478;54.736698;2;4985;9.392111;112.172030;1.000000%=3;5.000000%=3;10.000000%=3;20.000000%=4;30.000000%=4;40.000000%=4;50.000000%=5;60.000000%=5;70.000000%=5;80.000000%=5;90.000000%=6;95.000000%=6;99.000000%=6;99.500000%=7;99.900000%=2056;99.950000%=3129;99.990000%=4423;0%=0;0%=0;0%=0;5;6850;41.566800;132.066614;40000;40080;100.000000%;40029.378151;3.743041;0;0;0;0;0;0;0.000000;0.000000;0;0;0.000000;0.000000;1.000000%=0;5.000000%=0;10.000000%=0;20.000000%=0;30.000000%=0;40.000000%=0;50.000000%=0;60.000000%=0;70.000000%=0;80.000000%=0;90.000000%=0;95.000000%=0;99.000000%=0;99.500000%=0;99.900000%=0;99.950000%=0;99.990000%=0;0%=0;0%=0;0%=0;0;0;0.000000;0.000000;0;0;0.000000%;0.000000;0.000000;0.721329%;9.562603%;727540;0;225;99.8%;0.1%;0.1%;0.1%;0.1%;0.1%;0.0%;0.00%;16.05%;83.66%;0.06%;0.03%;0.01%;0.01%;0.01%;0.01%;0.01%;0.05%;0.08%;0.02%;0.00%;0.00%;0.00%;0.00%;0.00%;0.00%;0.00%;0.00%;0.00%;sda;128523;12;30;7;14934;16;14952;66.10%
1682106450;1682106515;1;3000;3;fio-3.28;IOPS-read;0;0;3600000;59999;14999;60001;0;1709;24.264336;46.366060;2;4616;7.138839;90.458846;1.000000%=3;5.000000%=3;10.000000%=3;20.000000%=3;30.000000%=3;40.000000%=3;50.000000%=3;60.000000%=3;70.000000%=3;80.000000%=4;90.000000%=4;95.000000%=4;99.000000%=5;99.500000%=5;99.900000%=1548;99.950000%=2605;99.990000%=3686;0%=0;0%=0;0%=0;5;6322;32.649605;107.963232;60000;60080;100.000000%;60026.084034;3.979405;0;0;0;0;0;0;0.000000;0.000000;0;0;0.000000;0.000000;1.000000%=0;5.000000%=0;10.000000%=0;20.000000%=0;30.000000%=0;40.000000%=0;50.000000%=0;60.000000%=0;70.000000%=0;80.000000%=0;90.000000%=0;95.000000%=0;99.000000%=0;99.500000%=0;99.900000%=0;99.950000%=0;99.990000%=0;0%=0;0%=0;0%=0;0;0;0.000000;0.000000;0;0;0.000000%;0.000000;0.000000;0.387333%;12.149000%;1078658;0;220;99.8%;0.1%;0.1%;0.1%;0.1%;0.1%;0.0%;0.00%;77.55%;22.20%;0.06%;0.02%;0.01%;0.01%;0.01%;0.01%;0.01%;0.05%;0.07%;0.01%;0.00%;0.00%;0.00%;0.00%;0.00%;0.00%;0.00%;0.00%;0.00%;sda;180220;8;0;7;18127;3;18131;67.91%
1682106515;1682106579;1;4000;3;fio-3.28;IOPS-read;0;0;4800000;79997;19999;60002;0;3116;24.970617;46.655981;2;4444;14.090569;185.927198;1.000000%=3;5.000000%=3;10.000000%=3;20.000000%=3;30.000000%=3;40.000000%=3;50.000000%=3;60.000000%=3;70.000000%=4;80.000000%=4;90.000000%=4;95.000000%=5;99.000000%=5;99.500000%=8;99.900000%=3948;99.950000%=4046;99.990000%=4145;0%=0;0%=0;0%=0;5;5997;40.342287;198.609133;80000;80080;100.000000%;80038.991597;3.664324;0;0;0;0;0;0;0.000000;0.000000;0;0;0.000000;0.000000;1.000000%=0;5.000000%=0;10.000000%=0;20.000000%=0;30.000000%=0;40.000000%=0;50.000000%=0;60.000000%=0;70.000000%=0;80.000000%=0;90.000000%=0;95.000000%=0;99.000000%=0;99.500000%=0;99.900000%=0;99.950000%=0;99.990000%=0;0%=0;0%=0;0%=0;0;0;0.000000;0.000000;0;0;0.000000%;0.000000;0.000000;0.817661%;15.489897%;1439300;0;227;99.6%;0.1%;0.1%;0.1%;0.1%;0.2%;0.0%;0.00%;64.55%;34.99%;0.09%;0.02%;0.01%;0.01%;0.01%;0.01%;0.01%;0.05%;0.19%;0.07%;0.00%;0.00%;0.00%;0.00%;0.00%;0.00%;0.00%;0.00%;0.00%;sda;245671;8;76;7;24904;3;24908;71.16%
1682106579;1682106644;1;5000;3;fio-3.28;IOPS-read;0;0;6000000;99995;24998;60003;0;2925;26.992161;48.796583;2;5944;47.439825;403.134425;1.000000%=3;5.000000%=3;10.000000%=3;20.000000%=3;30.000000%=3;40.000000%=4;50.000000%=4;60.000000%=5;70.000000%=5;80.000000%=5;90.000000%=6;95.000000%=6;99.000000%=3325;99.500000%=3981;99.900000%=4177;99.950000%=4227;99.990000%=4423;0%=0;0%=0;0%=0;5;6845;75.986500;416.912925;97656;102448;100.000000%;100061.714286;62.398707;0;0;0;0;0;0;0.000000;0.000000;0;0;0.000000;0.000000;1.000000%=0;5.000000%=0;10.000000%=0;20.000000%=0;30.000000%=0;40.000000%=0;50.000000%=0;60.000000%=0;70.000000%=0;80.000000%=0;90.000000%=0;95.000000%=0;99.000000%=0;99.500000%=0;99.900000%=0;99.950000%=0;99.990000%=0;0%=0;0%=0;0%=0;0;0;0.000000;0.000000;0;0;0.000000%;0.000000;0.000000;0.674658%;21.151718%;1639788;0;227;98.8%;0.1%;0.1%;0.1%;0.1%;1.0%;0.0%;0.00%;30.24%;68.46%;0.05%;0.02%;0.01%;0.05%;0.01%;0.01%;0.01%;0.05%;0.63%;0.44%;0.00%;0.00%;0.00%;0.00%;0.00%;0.00%;0.00%;0.00%;0.00%;sda;308029;12;0;8;32716;5;32725;72.01%
1682106644;1682106708;1;6000;3;fio-3.28;IOPS-read;0;0;7200000;119994;29998;60003;0;2824;26.540606;49.679110;2;4816;69.526193;494.202518;1.000000%=3;5.000000%=3;10.000000%=3;20.000000%=3;30.000000%=4;40.000000%=4;50.000000%=4;60.000000%=4;70.000000%=4;80.000000%=4;90.000000%=5;95.000000%=6;99.000000%=3883;99.500000%=4046;99.900000%=4227;99.950000%=4292;99.990000%=4423;0%=0;0%=0;0%=0;5;7268;97.445212;509.727360;116984;123112;100.000000%;120069.579832;79.749408;0;0;0;0;0;0;0.000000;0.000000;0;0;0.000000;0.000000;1.000000%=0;5.000000%=0;10.000000%=0;20.000000%=0;30.000000%=0;40.000000%=0;50.000000%=0;60.000000%=0;70.000000%=0;80.000000%=0;90.000000%=0;95.000000%=0;99.000000%=0;99.500000%=0;99.900000%=0;99.950000%=0;99.990000%=0;0%=0;0%=0;0%=0;0;0;0.000000;0.000000;0;0;0.000000%;0.000000;0.000000;1.495652%;22.717773%;1799089;0;233;97.3%;1.0%;0.1%;0.1%;0.1%;1.5%;0.0%;0.00%;27.29%;69.96%;0.39%;0.01%;0.02%;0.53%;0.11%;0.02%;0.01%;0.05%;0.99%;0.63%;0.00%;0.00%;0.00%;0.00%;0.00%;0.00%;0.00%;0.00%;0.00%;sda;360440;9;4;7;39646;3;39650;73.12%
1682106708;1682106772;1;7000;3;fio-3.28;IOPS-read;0;0;8400000;139990;34997;60004;0;2937;25.881826;48.817730;2;4608;88.868634;545.186829;1.000000%=3;5.000000%=3;10.000000%=3;20.000000%=3;30.000000%=3;40.000000%=3;50.000000%=3;60.000000%=3;70.000000%=3;80.000000%=4;90.000000%=5;95.000000%=11;99.000000%=3850;99.500000%=3981;99.900000%=4145;99.950000%=4227;99.990000%=4292;0%=0;0%=0;0%=0;5;7112;115.999047;562.239720;137656;142520;100.000000%;140105.546218;63.497447;0;0;0;0;0;0;0.000000;0.000000;0;0;0.000000;0.000000;1.000000%=0;5.000000%=0;10.000000%=0;20.000000%=0;30.000000%=0;40.000000%=0;50.000000%=0;60.000000%=0;70.000000%=0;80.000000%=0;90.000000%=0;95.000000%=0;99.000000%=0;99.500000%=0;99.900000%=0;99.950000%=0;99.990000%=0;0%=0;0%=0;0%=0;0;0;0.000000;0.000000;0;0;0.000000%;0.000000;0.000000;2.684613%;20.094931%;2097109;0;227;94.3%;3.1%;0.4%;0.1%;0.1%;2.0%;0.0%;0.00%;70.03%;24.13%;1.35%;0.03%;0.08%;1.60%;0.45%;0.13%;0.05%;0.08%;1.64%;0.44%;0.00%;0.00%;0.00%;0.00%;0.00%;0.00%;0.00%;0.00%;0.00%;sda;425771;8;3;7;45678;3;45681;74.46%
1682106772;1682106837;1;8000;3;fio-3.28;IOPS-read;0;0;9600000;159994;39998;60002;0;2650;25.857647;48.556021;2;4742;233.435572;863.655086;1.000000%=3;5.000000%=3;10.000000%=3;20.000000%=3;30.000000%=3;40.000000%=3;50.000000%=3;60.000000%=4;70.000000%=4;80.000000%=5;90.000000%=96;95.000000%=3260;99.000000%=3948;99.500000%=4046;99.900000%=4227;99.950000%=4292;99.990000%=4423;0%=0;0%=0;0%=0;5;6365;260.605646;887.622209;156240;163944;100.000000%;160099.361345;188.446490;0;0;0;0;0;0;0.000000;0.000000;0;0;0.000000;0.000000;1.000000%=0;5.000000%=0;10.000000%=0;20.000000%=0;30.000000%=0;40.000000%=0;50.000000%=0;60.000000%=0;70.000000%=0;80.000000%=0;90.000000%=0;95.000000%=0;99.000000%=0;99.500000%=0;99.900000%=0;99.950000%=0;99.990000%=0;0%=0;0%=0;0%=0;0;0;0.000000;0.000000;0;0;0.000000%;0.000000;0.000000;1.193329%;23.328256%;2375557;0;232;85.8%;6.7%;1.2%;0.3%;0.1%;6.0%;0.0%;0.00%;50.95%;34.59%;4.30%;0.12%;0.10%;2.47%;0.87%;0.28%;0.12%;0.17%;5.29%;0.74%;0.00%;0.00%;0.00%;0.00%;0.00%;0.00%;0.00%;0.00%;0.00%;sda;487422;9;1;8;52168;11;52180;74.95%
1682106837;1682106901;1;9000;3;fio-3.28;IOPS-read;0;0;10800000;179994;44998;60002;0;2553;25.128369;47.936859;2;4519;334.974504;991.196488;1.000000%=3;5.000000%=3;10.000000%=3;20.000000%=3;30.000000%=3;40.000000%=3;50.000000%=3;60.000000%=3;70.000000%=4;80.000000%=8;90.000000%=569;95.000000%=3325;99.000000%=3915;99.500000%=4014;99.900000%=4145;99.950000%=4227;99.990000%=4292;0%=0;0%=0;0%=0;5;6641;361.325013;1018.127159;174368;185832;100.000000%;180097.008403;381.635172;0;0;0;0;0;0;0.000000;0.000000;0;0;0.000000;0.000000;1.000000%=0;5.000000%=0;10.000000%=0;20.000000%=0;30.000000%=0;40.000000%=0;50.000000%=0;60.000000%=0;70.000000%=0;80.000000%=0;90.000000%=0;95.000000%=0;99.000000%=0;99.500000%=0;99.900000%=0;99.950000%=0;99.990000%=0;0%=0;0%=0;0%=0;0;0;0.000000;0.000000;0;0;0.000000%;0.000000;0.000000;1.751994%;24.578918%;2618450;0;228;80.6%;7.9%;1.5%;0.3%;0.1%;9.5%;0.0%;0.00%;68.97%;11.64%;5.72%;0.16%;0.16%;2.36%;0.90%;0.26%;0.12%;0.17%;9.01%;0.53%;0.00%;0.00%;0.00%;0.00%;0.00%;0.00%;0.00%;0.00%;0.00%;sda;540651;9;0;8;57189;3;57193;75.70%
1682106901;1682106965;1;10000;3;fio-3.28;IOPS-read;0;0;12000000;199990;49997;60003;0;3087;26.112413;49.667230;2;4921;519.893524;1155.673443;1.000000%=3;5.000000%=3;10.000000%=3;20.000000%=3;30.000000%=3;40.000000%=4;50.000000%=4;60.000000%=4;70.000000%=5;80.000000%=14;90.000000%=2801;95.000000%=3424;99.000000%=4014;99.500000%=4112;99.900000%=4227;99.950000%=4292;99.990000%=4423;0%=0;0%=0;0%=0;5;6544;547.364340;1186.461157;187648;212616;100.000000%;200117.109244;1108.974101;0;0;0;0;0;0;0.000000;0.000000;0;0;0.000000;0.000000;1.000000%=0;5.000000%=0;10.000000%=0;20.000000%=0;30.000000%=0;40.000000%=0;50.000000%=0;60.000000%=0;70.000000%=0;80.000000%=0;90.000000%=0;95.000000%=0;99.000000%=0;99.500000%=0;99.900000%=0;99.950000%=0;99.990000%=0;0%=0;0%=0;0%=0;0;0;0.000000;0.000000;0;0;0.000000%;0.000000;0.000000;1.870315%;33.088002%;2712582;0;228;74.7%;7.2%;0.9%;0.2%;0.1%;16.9%;0.0%;0.00%;36.27%;38.32%;5.81%;0.19%;0.03%;1.67%;0.49%;0.13%;0.06%;1.08%;14.97%;0.99%;0.00%;0.00%;0.00%;0.00%;0.00%;0.00%;0.00%;0.00%;0.00%;sda;605906;8;1;7;67047;2;67051;76.23%
1682106965;1682107030;1;11000;3;fio-3.28;IOPS-read;0;0;13200000;219992;54998;60002;0;3303;26.351358;49.952285;2;4789;613.664870;1189.351390;1.000000%=3;5.000000%=3;10.000000%=3;20.000000%=3;30.000000%=3;40.000000%=3;50.000000%=4;60.000000%=4;70.000000%=5;80.000000%=1761;90.000000%=2834;95.000000%=3424;99.000000%=3981;99.500000%=4079;99.900000%=4227;99.950000%=4292;99.990000%=4423;0%=0;0%=0;0%=0;5;7908;641.340256;1221.111548;201040;239240;100.000000%;220141.579832;1900.600416;0;0;0;0;0;0;0.000000;0.000000;0;0;0.000000;0.000000;1.000000%=0;5.000000%=0;10.000000%=0;20.000000%=0;30.000000%=0;40.000000%=0;50.000000%=0;60.000000%=0;70.000000%=0;80.000000%=0;90.000000%=0;95.000000%=0;99.000000%=0;99.500000%=0;99.900000%=0;99.950000%=0;99.990000%=0;0%=0;0%=0;0%=0;0;0;0.000000;0.000000;0;0;0.000000%;0.000000;0.000000;3.436322%;72.212426%;671211;0;235;71.6%;5.5%;0.7%;0.1%;0.1%;22.0%;0.0%;0.00%;42.59%;28.89%;4.64%;0.24%;0.02%;1.08%;0.31%;0.08%;0.06%;4.09%;17.10%;0.89%;0.00%;0.00%;0.00%;0.00%;0.00%;0.00%;0.00%;0.00%;0.00%;sda;666416;8;1;7;73633;2;73637;76.62%
1682107030;1682107094;1;12000;3;fio-3.28;IOPS-read;0;0;14400000;239992;59998;60002;0;2544;25.989441;49.966426;2;4730;683.645220;1198.210649;1.000000%=3;5.000000%=3;10.000000%=3;20.000000%=3;30.000000%=3;40.000000%=3;50.000000%=4;60.000000%=4;70.000000%=11;80.000000%=1843;90.000000%=2801;95.000000%=3424;99.000000%=3981;99.500000%=4112;99.900000%=4227;99.950000%=4292;99.990000%=4423;0%=0;0%=0;0%=0;5;7106;710.958412;1230.617471;212216;268072;100.000000%;240140.773109;2960.358491;0;0;0;0;0;0;0.000000;0.000000;0;0;0.000000;0.000000;1.000000%=0;5.000000%=0;10.000000%=0;20.000000%=0;30.000000%=0;40.000000%=0;50.000000%=0;60.000000%=0;70.000000%=0;80.000000%=0;90.000000%=0;95.000000%=0;99.000000%=0;99.500000%=0;99.900000%=0;99.950000%=0;99.990000%=0;0%=0;0%=0;0%=0;0;0;0.000000;0.000000;0;0;0.000000%;0.000000;0.000000;2.585325%;49.779501%;1892980;0;223;68.5%;4.0%;0.5%;0.1%;0.1%;26.8%;0.0%;0.00%;40.58%;27.84%;3.53%;0.23%;0.03%;0.66%;0.19%;0.09%;0.27%;8.32%;17.29%;0.98%;0.00%;0.00%;0.00%;0.00%;0.00%;0.00%;0.00%;0.00%;0.00%;sda;720865;8;2;7;80524;2;80527;77.07%
1682107094;1682107159;1;13000;3;fio-3.28;IOPS-read;0;0;15600000;259991;64997;60002;0;3164;26.180705;50.381005;2;4761;744.092495;1197.026983;1.000000%=3;5.000000%=3;10.000000%=3;20.000000%=3;30.000000%=3;40.000000%=4;50.000000%=4;60.000000%=4;70.000000%=1056;80.000000%=1875;90.000000%=2801;95.000000%=3424;99.000000%=3981;99.500000%=4079;99.900000%=4227;99.950000%=4292;99.990000%=4423;0%=0;0%=0;0%=0;5;7346;771.600150;1229.712220;223144;297144;99.961030%;259889.680672;4177.378053;0;0;0;0;0;0;0.000000;0.000000;0;0;0.000000;0.000000;1.000000%=0;5.000000%=0;10.000000%=0;20.000000%=0;30.000000%=0;40.000000%=0;50.000000%=0;60.000000%=0;70.000000%=0;80.000000%=0;90.000000%=0;95.000000%=0;99.000000%=0;99.500000%=0;99.900000%=0;99.950000%=0;99.990000%=0;0%=0;0%=0;0%=0;0;0;0.000000;0.000000;0;0;0.000000%;0.000000;0.000000;3.058323%;68.194439%;788274;0;225;64.7%;3.1%;0.4%;0.1%;0.1%;31.6%;0.0%;0.00%;39.77%;24.89%;2.78%;0.24%;0.03%;0.44%;0.14%;0.24%;1.07%;11.99%;17.47%;0.95%;0.00%;0.00%;0.00%;0.00%;0.00%;0.00%;0.00%;0.00%;0.00%;sda;786036;8;1;7;87849;3;87853;77.42%
1682107159;1682107223;1;14000;3;fio-3.28;IOPS-read;0;0;16780216;279665;69916;60001;0;3172;26.361223;50.604651;2;5805;793.155031;1192.372289;1.000000%=3;5.000000%=3;10.000000%=3;20.000000%=3;30.000000%=3;40.000000%=4;50.000000%=4;60.000000%=5;70.000000%=1187;80.000000%=1875;90.000000%=2834;95.000000%=3424;99.000000%=3981;99.500000%=4079;99.900000%=4227;99.950000%=4292;99.990000%=4423;0%=0;0%=0;0%=0;5;7827;820.840088;1225.270588;232264;328088;100.000000%;280179.764706;5709.411241;0;0;0;0;0;0;0.000000;0.000000;0;0;0.000000;0.000000;1.000000%=0;5.000000%=0;10.000000%=0;20.000000%=0;30.000000%=0;40.000000%=0;50.000000%=0;60.000000%=0;70.000000%=0;80.000000%=0;90.000000%=0;95.000000%=0;99.000000%=0;99.500000%=0;99.900000%=0;99.950000%=0;99.990000%=0;0%=0;0%=0;0%=0;0;0;0.000000;0.000000;0;0;0.000000%;0.000000;0.000000;3.103333%;65.810000%;848888;0;233;60.8%;2.5%;0.3%;0.1%;0.1%;36.2%;0.0%;0.00%;36.37%;24.42%;2.27%;0.23%;0.03%;0.31%;0.16%;0.85%;2.53%;14.32%;17.53%;0.98%;0.00%;0.00%;0.00%;0.00%;0.00%;0.00%;0.00%;0.00%;0.00%;sda;842938;9;3;8;94505;4;94510;77.66%
1682107223;1682107287;1;15000;3;fio-3.28;IOPS-read;0;0;18000000;299985;74996;60003;0;2513;26.182020;50.162509;2;8976;818.914678;1173.801138;1.000000%=3;5.000000%=3;10.000000%=3;20.000000%=3;30.000000%=3;40.000000%=4;50.000000%=4;60.000000%=452;70.000000%=1204;80.000000%=1859;90.000000%=2801;95.000000%=3424;99.000000%=3981;99.500000%=4079;99.900000%=4227;99.950000%=4292;99.990000%=4423;0%=0;0%=0;0%=0;5;10483;846.420267;1206.410979;242144;358320;100.000000%;300194.621849;7398.824922;0;0;0;0;0;0;0.000000;0.000000;0;0;0.000000;0.000000;1.000000%=0;5.000000%=0;10.000000%=0;20.000000%=0;30.000000%=0;40.000000%=0;50.000000%=0;60.000000%=0;70.000000%=0;80.000000%=0;90.000000%=0;95.000000%=0;99.000000%=0;99.500000%=0;99.900000%=0;99.950000%=0;99.990000%=0;0%=0;0%=0;0%=0;0;0;0.000000;0.000000;0;0;0.000000%;0.000000;0.000000;3.175968%;63.784362%;903300;0;224;57.5%;1.9%;0.2%;0.1%;0.1%;40.1%;0.0%;0.00%;34.91%;22.57%;1.79%;0.19%;0.03%;0.22%;0.35%;2.11%;4.18%;15.44%;17.33%;0.88%;0.00%;0.00%;0.00%;0.00%;0.00%;0.00%;0.00%;0.00%;0.00%;sda;901103;9;2;8;100761;4;100766;78.05%
1682107287;1682107352;1;16000;3;fio-3.28;IOPS-read;0;0;19200000;319984;79996;60003;0;4147;26.393325;50.568195;2;4694;858.257916;1167.123122;1.000000%=3;5.000000%=3;10.000000%=3;20.000000%=3;30.000000%=3;40.000000%=4;50.000000%=4;60.000000%=749;70.000000%=1220;80.000000%=1859;90.000000%=2834;95.000000%=3424;99.000000%=3981;99.500000%=4079;99.900000%=4227;99.950000%=4292;99.990000%=4423;0%=0;0%=0;0%=0;5;6189;885.975847;1199.931227;249296;391120;99.948800%;319820.168067;9815.756345;0;0;0;0;0;0;0.000000;0.000000;0;0;0.000000;0.000000;1.000000%=0;5.000000%=0;10.000000%=0;20.000000%=0;30.000000%=0;40.000000%=0;50.000000%=0;60.000000%=0;70.000000%=0;80.000000%=0;90.000000%=0;95.000000%=0;99.000000%=0;99.500000%=0;99.900000%=0;99.950000%=0;99.990000%=0;0%=0;0%=0;0%=0;0;0;0.000000;0.000000;0;0;0.000000%;0.000000;0.000000;2.990617%;61.480642%;968721;0;229;53.1%;1.6%;0.2%;0.1%;0.1%;44.9%;0.0%;0.00%;34.50%;18.61%;1.49%;0.17%;0.03%;0.17%;0.95%;4.09%;5.58%;16.03%;17.38%;0.98%;0.00%;0.00%;0.00%;0.00%;0.00%;0.00%;0.00%;0.00%;0.00%;sda;966048;8;3;7;108950;2;108953;78.29%
1682107352;1682107416;1;17000;3;fio-3.28;IOPS-read;0;0;20363436;339384;84846;60001;0;2599;26.355357;50.587982;2;9017;882.370708;1157.914158;1.000000%=3;5.000000%=3;10.000000%=3;20.000000%=3;30.000000%=3;40.000000%=4;50.000000%=12;60.000000%=774;70.000000%=1220;80.000000%=1875;90.000000%=2834;95.000000%=3424;99.000000%=3981;99.500000%=4112;99.900000%=4227;99.950000%=4292;99.990000%=4423;0%=0;0%=0;0%=0;5;10592;910.053330;1190.808057;257336;423128;100.000000%;340232.470588;11454.572889;0;0;0;0;0;0;0.000000;0.000000;0;0;0.000000;0.000000;1.000000%=0;5.000000%=0;10.000000%=0;20.000000%=0;30.000000%=0;40.000000%=0;50.000000%=0;60.000000%=0;70.000000%=0;80.000000%=0;90.000000%=0;95.000000%=0;99.000000%=0;99.500000%=0;99.900000%=0;99.950000%=0;99.990000%=0;0%=0;0%=0;0%=0;0;0;0.000000;0.000000;0;0;0.000000%;0.000000;0.000000;3.324000%;59.069000%;1027073;0;225;49.7%;1.2%;0.1%;0.1%;0.1%;48.9%;0.0%;0.00%;31.83%;17.61%;1.30%;0.13%;0.03%;0.13%;2.10%;6.12%;6.35%;15.97%;17.44%;0.98%;0.00%;0.00%;0.00%;0.00%;0.00%;0.00%;0.00%;0.00%;0.00%;sda;1020649;9;1;8;115316;2;115320;78.62%
1682107416;1682107480;1;18000;3;fio-3.28;IOPS-read;0;0;21600000;359982;89995;60003;0;3632;26.203560;50.490603;3;8777;899.130580;1142.768649;1.000000%=3;5.000000%=3;10.000000%=3;20.000000%=3;30.000000%=4;40.000000%=4;50.000000%=440;60.000000%=782;70.000000%=1204;80.000000%=1859;90.000000%=2801;95.000000%=3424;99.000000%=3981;99.500000%=4079;99.900000%=4227;99.950000%=4292;99.990000%=4423;0%=0;0%=0;0%=0;5;10336;926.664470;1175.518413;265688;454720;99.867701%;359505.747899;13725.219603;0;0;0;0;0;0;0.000000;0.000000;0;0;0.000000;0.000000;1.000000%=0;5.000000%=0;10.000000%=0;20.000000%=0;30.000000%=0;40.000000%=0;50.000000%=0;60.000000%=0;70.000000%=0;80.000000%=0;90.000000%=0;95.000000%=0;99.000000%=0;99.500000%=0;99.900000%=0;99.950000%=0;99.990000%=0;0%=0;0%=0;0%=0;0;0;0.000000;0.000000;0;0;0.000000%;0.000000;0.000000;3.618297%;56.688100%;1083939;0;223;46.0%;0.8%;0.1%;0.1%;0.1%;52.9%;0.0%;0.00%;27.24%;18.67%;0.87%;0.11%;0.03%;0.11%;4.01%;7.96%;6.70%;16.03%;17.32%;0.95%;0.00%;0.00%;0.00%;0.00%;0.00%;0.00%;0.00%;0.00%;0.00%;sda;1081326;8;3;7;121968;2;121971;79.02%
1682107480;1682107545;1;19000;3;fio-3.28;IOPS-read;0;0;22800000;379987;94996;60002;0;3196;26.366088;50.685475;2;4786;923.731268;1133.419533;1.000000%=3;5.000000%=3;10.000000%=3;20.000000%=3;30.000000%=4;40.000000%=4;50.000000%=522;60.000000%=790;70.000000%=1220;80.000000%=1859;90.000000%=2834;95.000000%=3424;99.000000%=3981;99.500000%=4079;99.900000%=4227;99.950000%=4292;99.990000%=4423;0%=0;0%=0;0%=0;5;7580;951.434733;1166.220888;269440;491024;100.000000%;380071.596639;15775.875837;0;0;0;0;0;0;0.000000;0.000000;0;0;0.000000;0.000000;1.000000%=0;5.000000%=0;10.000000%=0;20.000000%=0;30.000000%=0;40.000000%=0;50.000000%=0;60.000000%=0;70.000000%=0;80.000000%=0;90.000000%=0;95.000000%=0;99.000000%=0;99.500000%=0;99.900000%=0;99.950000%=0;99.990000%=0;0%=0;0%=0;0%=0;0;0;0.000000;0.000000;0;0;0.000000%;0.000000;0.000000;2.820657%;55.060816%;1149373;0;226;41.8%;0.6%;0.1%;0.1%;0.1%;57.4%;0.0%;0.00%;21.54%;20.25%;0.51%;0.10%;0.03%;0.10%;6.74%;9.36%;6.85%;16.17%;17.37%;0.97%;0.00%;0.00%;0.00%;0.00%;0.00%;0.00%;0.00%;0.00%;0.00%;sda;1144199;9;3;10;129369;3;129374;79.12%
1682107545;1682107609;1;20000;3;fio-3.28;IOPS-read;0;0;23955980;399259;99814;60001;0;2918;26.267675;50.594579;3;4738;936.248024;1123.338660;1.000000%=3;5.000000%=3;10.000000%=3;20.000000%=3;30.000000%=4;40.000000%=309;50.000000%=528;60.000000%=782;70.000000%=1204;80.000000%=1859;90.000000%=2834;95.000000%=3424;99.000000%=3981;99.500000%=4079;99.900000%=4227;99.950000%=4292;99.990000%=4423;0%=0;0%=0;0%=0;5;7165;963.846930;1156.144381;277056;520232;100.000000%;400276.773109;17266.372991;0;0;0;0;0;0;0.000000;0.000000;0;0;0.000000;0.000000;1.000000%=0;5.000000%=0;10.000000%=0;20.000000%=0;30.000000%=0;40.000000%=0;50.000000%=0;60.000000%=0;70.000000%=0;80.000000%=0;90.000000%=0;95.000000%=0;99.000000%=0;99.500000%=0;99.900000%=0;99.950000%=0;99.990000%=0;0%=0;0%=0;0%=0;0;0;0.000000;0.000000;0;0;0.000000%;0.000000;0.000000;3.691000%;52.113667%;1206001;0;223;38.3%;0.4%;0.1%;0.1%;0.1%;61.1%;0.0%;0.00%;24.20%;13.98%;0.46%;0.10%;0.04%;0.10%;9.80%;10.16%;6.82%;16.02%;17.38%;0.96%;0.00%;0.00%;0.00%;0.00%;0.00%;0.00%;0.00%;0.00%;0.00%;sda;1199022;10;4;7;135104;3;135109;79.38%
1682107609;1682107673;1;21000;3;fio-3.28;IOPS-read;0;0;25200000;419979;104994;60003;0;3245;26.325412;50.396264;2;9091;951.982259;1111.178288;1.000000%=3;5.000000%=3;10.000000%=3;20.000000%=3;30.000000%=4;40.000000%=333;50.000000%=536;60.000000%=782;70.000000%=1204;80.000000%=1859;90.000000%=2801;95.000000%=3424;99.000000%=3981;99.500000%=4079;99.900000%=4227;99.950000%=4292;99.990000%=4423;0%=0;0%=0;0%=0;5;10646;979.640330;1143.824675;283904;543280;99.842671%;419318.252101;18647.357000;0;0;0;0;0;0;0.000000;0.000000;0;0;0.000000;0.000000;1.000000%=0;5.000000%=0;10.000000%=0;20.000000%=0;30.000000%=0;40.000000%=0;50.000000%=0;60.000000%=0;70.000000%=0;80.000000%=0;90.000000%=0;95.000000%=0;99.000000%=0;99.500000%=0;99.900000%=0;99.950000%=0;99.990000%=0;0%=0;0%=0;0%=0;0;0;0.000000;0.000000;0;0;0.000000%;0.000000;0.000000;3.347300%;50.360830%;1264646;0;233;34.2%;0.2%;0.1%;0.1%;0.1%;65.3%;0.0%;0.00%;21.55%;12.67%;0.19%;0.07%;0.03%;0.10%;13.57%;10.57%;6.89%;16.08%;17.33%;0.96%;0.00%;0.00%;0.00%;0.00%;0.00%;0.00%;0.00%;0.00%;0.00%;sda;1261550;10;2;7;142497;4;142502;79.87%
1682107673;1682107738;1;22000;3;fio-3.28;IOPS-read;0;0;26332076;438860;109715;60001;0;3304;26.377019;50.379726;3;10072;965.473282;1100.455090;1.000000%=3;5.000000%=3;10.000000%=3;20.000000%=3;30.000000%=4;40.000000%=399;50.000000%=536;60.000000%=782;70.000000%=1220;80.000000%=1859;90.000000%=2801;95.000000%=3424;99.000000%=3981;99.500000%=4079;99.900000%=4227;99.950000%=4292;99.990000%=4423;0%=0;0%=0;0%=0;5;10413;993.180768;1133.036459;288728;563208;100.000000%;440305.680672;19663.160962;0;0;0;0;0;0;0.000000;0.000000;0;0;0.000000;0.000000;1.000000%=0;5.000000%=0;10.000000%=0;20.000000%=0;30.000000%=0;40.000000%=0;50.000000%=0;60.000000%=0;70.000000%=0;80.000000%=0;90.000000%=0;95.000000%=0;99.000000%=0;99.500000%=0;99.900000%=0;99.950000%=0;99.990000%=0;0%=0;0%=0;0%=0;0;0;0.000000;0.000000;0;0;0.000000%;0.000000;0.000000;2.949667%;48.391000%;1328528;0;235;30.5%;0.1%;0.1%;0.1%;0.1%;69.2%;0.0%;0.00%;21.10%;9.33%;0.15%;0.05%;0.04%;0.10%;17.15%;10.80%;6.84%;16.11%;17.46%;0.86%;0.01%;0.00%;0.00%;0.00%;0.00%;0.00%;0.00%;0.00%;0.00%;sda;1321800;9;1;6;148145;3;148149;79.89%
1682107738;1682107802;1;23000;3;fio-3.28;IOPS-read;0;0;27552472;459200;114800;60001;0;2267;26.238485;50.461494;3;4860;979.002722;1091.451694;1.000000%=3;5.000000%=3;10.000000%=3;20.000000%=4;30.000000%=309;40.000000%=407;50.000000%=536;60.000000%=782;70.000000%=1204;80.000000%=1859;90.000000%=2801;95.000000%=3424;99.000000%=3981;99.500000%=4079;99.900000%=4227;99.950000%=4292;99.990000%=4423;0%=0;0%=0;0%=0;5;6683;1006.580587;1124.189052;293776;578976;99.958847%;459011.025210;20244.082659;0;0;0;0;0;0;0.000000;0.000000;0;0;0.000000;0.000000;1.000000%=0;5.000000%=0;10.000000%=0;20.000000%=0;30.000000%=0;40.000000%=0;50.000000%=0;60.000000%=0;70.000000%=0;80.000000%=0;90.000000%=0;95.000000%=0;99.000000%=0;99.500000%=0;99.900000%=0;99.950000%=0;99.990000%=0;0%=0;0%=0;0%=0;0;0;0.000000;0.000000;0;0;0.000000%;0.000000;0.000000;3.268000%;46.004000%;1385397;0;229;26.3%;0.1%;0.1%;0.1%;0.1%;73.5%;0.0%;0.00%;15.54%;10.59%;0.19%;0.04%;0.04%;0.10%;21.46%;10.89%;6.83%;16.02%;17.36%;0.94%;0.00%;0.00%;0.00%;0.00%;0.00%;0.00%;0.00%;0.00%;0.00%;sda;1377930;10;3;7;155091;3;155096;80.26%
1682107802;1682107867;1;24000;3;fio-3.28;IOPS-read;0;0;28800000;479984;119996;60002;0;2841;26.218009;50.478101;3;8813;994.746685;1080.913751;1.000000%=3;5.000000%=3;10.000000%=3;20.000000%=4;30.000000%=313;40.000000%=411;50.000000%=536;60.000000%=782;70.000000%=1204;80.000000%=1859;90.000000%=2801;95.000000%=3424;99.000000%=4014;99.500000%=4112;99.900000%=4292;99.950000%=4292;99.990000%=4423;0%=0;0%=0;0%=0;5;10378;1022.303492;1113.681555;298904;590336;99.905207%;479529.008403;20341.297977;0;0;0;0;0;0;0.000000;0.000000;0;0;0.000000;0.000000;1.000000%=0;5.000000%=0;10.000000%=0;20.000000%=0;30.000000%=0;40.000000%=0;50.000000%=0;60.000000%=0;70.000000%=0;80.000000%=0;90.000000%=0;95.000000%=0;99.000000%=0;99.500000%=0;99.900000%=0;99.950000%=0;99.990000%=0;0%=0;0%=0;0%=0;0;0;0.000000;0.000000;0;0;0.000000%;0.000000;0.000000;2.686982%;44.362704%;1445220;0;228;21.7%;0.1%;0.1%;0.1%;0.1%;78.0%;0.0%;0.00%;14.85%;6.88%;0.02%;0.02%;0.04%;0.11%;25.99%;10.86%;6.86%;16.09%;17.29%;0.99%;0.00%;0.00%;0.00%;0.00%;0.00%;0.00%;0.00%;0.00%;0.00%;sda;1441576;10;5;7;162919;3;162923;81.49%
1682107867;1682107931;1;25000;3;fio-3.28;IOPS-read;0;0;29904768;498404;124601;60001;0;3483;26.534389;51.239384;3;15916;1017.961719;1087.883943;1.000000%=3;5.000000%=3;10.000000%=3;20.000000%=305;30.000000%=317;40.000000%=411;50.000000%=536;60.000000%=790;70.000000%=1220;80.000000%=1875;90.000000%=2834;95.000000%=3457;99.000000%=4014;99.500000%=4112;99.900000%=4358;99.950000%=5013;99.990000%=11206;0%=0;0%=0;0%=0;5;15992;1045.833565;1121.163657;305080;604888;100.000000%;500344.336134;19663.499545;0;0;0;0;0;0;0.000000;0.000000;0;0;0.000000;0.000000;1.000000%=0;5.000000%=0;10.000000%=0;20.000000%=0;30.000000%=0;40.000000%=0;50.000000%=0;60.000000%=0;70.000000%=0;80.000000%=0;90.000000%=0;95.000000%=0;99.000000%=0;99.500000%=0;99.900000%=0;99.950000%=0;99.990000%=0;0%=0;0%=0;0%=0;0;0;0.000000;0.000000;0;0;0.000000%;0.000000;0.000000;2.572000%;41.903333%;1510450;0;228;17.0%;0.1%;0.1%;0.1%;0.1%;82.8%;0.0%;0.00%;11.44%;5.51%;0.01%;0.01%;0.03%;0.10%;30.67%;10.85%;6.83%;16.07%;17.40%;1.04%;0.02%;0.00%;0.00%;0.00%;0.00%;0.00%;0.00%;0.00%;0.00%;sda;1504218;110;545;58;171054;24;171086;83.80%
1682235838;1682235902;1;1000;3;fio-3.28;IOPS-read;0;0;1200000;19998;4999;60004;0;3020;42.067228;64.486979;2;3614;8.773714;44.174513;1.000000%=3;5.000000%=4;10.000000%=5;20.000000%=5;30.000000%=6;40.000000%=7;50.000000%=8;60.000000%=8;70.000000%=8;80.000000%=9;90.000000%=9;95.000000%=10;99.000000%=13;99.500000%=14;99.900000%=27;99.950000%=856;99.990000%=2408;0%=0;0%=0;0%=0;6;5274;52.927328;81.566808;20000;20040;100.000000%;20021.176471;3.996433;0;0;0;0;0;0;0.000000;0.000000;0;0;0.000000;0.000000;1.000000%=0;5.000000%=0;10.000000%=0;20.000000%=0;30.000000%=0;40.000000%=0;50.000000%=0;60.000000%=0;70.000000%=0;80.000000%=0;90.000000%=0;95.000000%=0;99.000000%=0;99.500000%=0;99.900000%=0;99.950000%=0;99.990000%=0;0%=0;0%=0;0%=0;0;0;0.000000;0.000000;0;0;0.000000%;0.000000;0.000000;0.000000%;5.465224%;365299;0;198;99.9%;0.1%;0.1%;0.1%;0.1%;0.0%;0.0%;0.00%;1.26%;90.67%;7.85%;0.13%;0.01%;0.01%;0.01%;0.01%;0.01%;0.02%;0.02%;0.00%;0.00%;0.00%;0.00%;0.00%;0.00%;0.00%;0.00%;0.00%;0.00%;sda;65603;47;31;3;8046;9;8057;62.47%
1682235902;1682235967;1;2000;3;fio-3.28;IOPS-read;0;0;2400000;39998;9999;60002;0;1861;30.520478;54.736698;2;4985;9.392111;112.172030;1.000000%=3;5.000000%=3;10.000000%=3;20.000000%=4;30.000000%=4;40.000000%=4;50.000000%=5;60.000000%=5;70.000000%=5;80.000000%=5;90.000000%=6;95.000000%=6;99.000000%=6;99.500000%=7;99.900000%=2056;99.950000%=3129;99.990000%=4423;0%=0;0%=0;0%=0;5;6850;41.566800;132.066614;40000;40080;100.000000%;40029.378151;3.743041;0;0;0;0;0;0;0.000000;0.000000;0;0;0.000000;0.000000;1.000000%=0;5.000000%=0;10.000000%=0;20.000000%=0;30.000000%=0;40.000000%=0;50.000000%=0;60.000000%=0;70.000000%=0;80.000000%=0;90.000000%=0;95.000000%=0;99.000000%=0;99.500000%=0;99.900000%=0;99.950000%=0;99.990000%=0;0%=0;0%=0;0%=0;0;0;0.000000;0.000000;0;0;0.000000%;0.000000;0.000000;0.721329%;9.562603%;727540;0;225;99.8%;0.1%;0.1%;0.1%;0.1%;0.1%;0.0%;0.00%;16.05%;83.66%;0.06%;0.03%;0.01%;0.01%;0.01%;0.01%;0.01%;0.05%;0.08%;0.02%;0.00%;0.00%;0.00%;0.00%;0.00%;0.00%;0.00%;0.00%;0.00%;sda;128523;12;30;7;14934;16;14952;66.10%
1682235967;1682236031;1;3000;3;fio-3.28;IOPS-read;0;0;3600000;59999;14999;60001;0;1709;24.264336;46.366060;2;4616;7.138839;90.458846;1.000000%=3;5.000000%=3;10.000000%=3;20.000000%=3;30.000000%=3;40.000000%=3;50.000000%=3;60.000000%=3;70.000000%=3;80.000000%=4;90.000000%=4;95.000000%=4;99.000000%=5;99.500000%=5;99.900000%=1548;99.950000%=2605;99.990000%=3686;0%=0;0%=0;0%=0;5;6322;32.649605;107.963232;60000;60080;100.000000%;60026.084034;3.979405;0;0;0;0;0;0;0.000000;0.000000;0;0;0.000000;0.000000;1.000000%=0;5.000000%=0;10.000000%=0;20.000000%=0;30.000000%=0;40.000000%=0;50.000000%=0;60.000000%=0;70.000000%=0;80.000000%=0;90.000000%=0;95.000000%=0;99.000000%=0;99.500000%=0;99.900000%=0;99.950000%=0;99.990000%=0;0%=0;0%=0;0%=0;0;0;0.000000;0.000000;0;0;0.000000%;0.000000;0.000000;0.387333%;12.149000%;1078658;0;220;99.8%;0.1%;0.1%;0.1%;0.1%;0.1%;0.0%;0.00%;77.55%;22.20%;0.06%;0.02%;0.01%;0.01%;0.01%;0.01%;0.01%;0.05%;0.07%;0.01%;0.00%;0.00%;0.00%;0.00%;0.00%;0.00%;0.00%;0.00%;0.00%;sda;180220;8;0;7;18127;3;18131;67.91%
1682236031;1682236096;1;4000;3;fio-3.28;IOPS-read;0;0;4800000;79997;19999;60002;0;3116;24.970617;46.655981;2;4444;14.090569;185.927198;1.000000%=3;5.000000%=3;10.000000%=3;20.000000%=3;30.000000%=3;40.000000%=3;50.000000%=3;60.000000%=3;70.000000%=4;80.000000%=4;90.000000%=4;95.000000%=5;99.000000%=5;99.500000%=8;99.900000%=3948;99.950000%=4046;99.990000%=4145;0%=0;0%=0;0%=0;5;5997;40.342287;198.609133;80000;80080;100.000000%;80038.991597;3.664324;0;0;0;0;0;0;0.000000;0.000000;0;0;0.000000;0.000000;1.000000%=0;5.000000%=0;10.000000%=0;20.000000%=0;30.000000%=0;40.000000%=0;50.000000%=0;60.000000%=0;70.000000%=0;80.000000%=0;90.000000%=0;95.000000%=0;99.000000%=0;99.500000%=0;99.900000%=0;99.950000%=0;99.990000%=0;0%=0;0%=0;0%=0;0;0;0.000000;0.000000;0;0;0.000000%;0.000000;0.000000;0.817661%;15.489897%;1439300;0;227;99.6%;0.1%;0.1%;0.1%;0.1%;0.2%;0.0%;0.00%;64.55%;34.99%;0.09%;0.02%;0.01%;0.01%;0.01%;0.01%;0.01%;0.05%;0.19%;0.07%;0.00%;0.00%;0.00%;0.00%;0.00%;0.00%;0.00%;0.00%;0.00%;sda;245671;8;76;7;24904;3;24908;71.16%
1682236096;1682236160;1;5000;3;fio-3.28;IOPS-read;0;0;6000000;99995;24998;60003;0;2925;26.992161;48.796583;2;5944;47.439825;403.134425;1.000000%=3;5.000000%=3;10.000000%=3;20.000000%=3;30.000000%=3;40.000000%=4;50.000000%=4;60.000000%=5;70.000000%=5;80.000000%=5;90.000000%=6;95.000000%=6;99.000000%=3325;99.500000%=3981;99.900000%=4177;99.950000%=4227;99.990000%=4423;0%=0;0%=0;0%=0;5;6845;75.986500;416.912925;97656;102448;100.000000%;100061.714286;62.398707;0;0;0;0;0;0;0.000000;0.000000;0;0;0.000000;0.000000;1.000000%=0;5.000000%=0;10.000000%=0;20.000000%=0;30.000000%=0;40.000000%=0;50.000000%=0;60.000000%=0;70.000000%=0;80.000000%=0;90.000000%=0;95.000000%=0;99.000000%=0;99.500000%=0;99.900000%=0;99.950000%=0;99.990000%=0;0%=0;0%=0;0%=0;0;0;0.000000;0.000000;0;0;0.000000%;0.000000;0.000000;0.674658%;21.151718%;1639788;0;227;98.8%;0.1%;0.1%;0.1%;0.1%;1.0%;0.0%;0.00%;30.24%;68.46%;0.05%;0.02%;0.01%;0.05%;0.01%;0.01%;0.01%;0.05%;0.63%;0.44%;0.00%;0.00%;0.00%;0.00%;0.00%;0.00%;0.00%;0.00%;0.00%;sda;308029;12;0;8;32716;5;32725;72.01%
1682236160;1682236224;1;6000;3;fio-3.28;IOPS-read;0;0;7200000;119994;29998;60003;0;2824;26.540606;49.679110;2;4816;69.526193;494.202518;1.000000%=3;5.000000%=3;10.000000%=3;20.000000%=3;30.000000%=4;40.000000%=4;50.000000%=4;60.000000%=4;70.000000%=4;80.000000%=4;90.000000%=5;95.000000%=6;99.000000%=3883;99.500000%=4046;99.900000%=4227;99.950000%=4292;99.990000%=4423;0%=0;0%=0;0%=0;5;7268;97.445212;509.727360;116984;123112;100.000000%;120069.579832;79.749408;0;0;0;0;0;0;0.000000;0.000000;0;0;0.000000;0.000000;1.000000%=0;5.000000%=0;10.000000%=0;20.000000%=0;30.000000%=0;40.000000%=0;50.000000%=0;60.000000%=0;70.000000%=0;80.000000%=0;90.000000%=0;95.000000%=0;99.000000%=0;99.500000%=0;99.900000%=0;99.950000%=0;99.990000%=0;0%=0;0%=0;0%=0;0;0;0.000000;0.000000;0;0;0.000000%;0.000000;0.000000;1.495652%;22.717773%;1799089;0;233;97.3%;1.0%;0.1%;0.1%;0.1%;1.5%;0.0%;0.00%;27.29%;69.96%;0.39%;0.01%;0.02%;0.53%;0.11%;0.02%;0.01%;0.05%;0.99%;0.63%;0.00%;0.00%;0.00%;0.00%;0.00%;0.00%;0.00%;0.00%;0.00%;sda;360440;9;4;7;39646;3;39650;73.12%
1682236224;1682236289;1;7000;3;fio-3.28;IOPS-read;0;0;8400000;139990;34997;60004;0;2937;25.881826;48.817730;2;4608;88.868634;545.186829;1.000000%=3;5.000000%=3;10.000000%=3;20.000000%=3;30.000000%=3;40.000000%=3;50.000000%=3;60.000000%=3;70.000000%=3;80.000000%=4;90.000000%=5;95.000000%=11;99.000000%=3850;99.500000%=3981;99.900000%=4145;99.950000%=4227;99.990000%=4292;0%=0;0%=0;0%=0;5;7112;115.999047;562.239720;137656;142520;100.000000%;140105.546218;63.497447;0;0;0;0;0;0;0.000000;0.000000;0;0;0.000000;0.000000;1.000000%=0;5.000000%=0;10.000000%=0;20.000000%=0;30.000000%=0;40.000000%=0;50.000000%=0;60.000000%=0;70.000000%=0;80.000000%=0;90.000000%=0;95.000000%=0;99.000000%=0;99.500000%=0;99.900000%=0;99.950000%=0;99.990000%=0;0%=0;0%=0;0%=0;0;0;0.000000;0.000000;0;0;0.000000%;0.000000;0.000000;2.684613%;20.094931%;2097109;0;227;94.3%;3.1%;0.4%;0.1%;0.1%;2.0%;0.0%;0.00%;70.03%;24.13%;1.35%;0.03%;0.08%;1.60%;0.45%;0.13%;0.05%;0.08%;1.64%;0.44%;0.00%;0.00%;0.00%;0.00%;0.00%;0.00%;0.00%;0.00%;0.00%;sda;425771;8;3;7;45678;3;45681;74.46%
1682236289;1682236353;1;8000;3;fio-3.28;IOPS-read;0;0;9600000;159994;39998;60002;0;2650;25.857647;48.556021;2;4742;233.435572;863.655086;1.000000%=3;5.000000%=3;10.000000%=3;20.000000%=3;30.000000%=3;40.000000%=3;50.000000%=3;60.000000%=4;70.000000%=4;80.000000%=5;90.000000%=96;95.000000%=3260;99.000000%=3948;99.500000%=4046;99.900000%=4227;99.950000%=4292;99.990000%=4423;0%=0;0%=0;0%=0;5;6365;260.605646;887.622209;156240;163944;100.000000%;160099.361345;188.446490;0;0;0;0;0;0;0.000000;0.000000;0;0;0.000000;0.000000;1.000000%=0;5.000000%=0;10.000000%=0;20.000000%=0;30.000000%=0;40.000000%=0;50.000000%=0;60.000000%=0;70.000000%=0;80.000000%=0;90.000000%=0;95.000000%=0;99.000000%=0;99.500000%=0;99.900000%=0;99.950000%=0;99.990000%=0;0%=0;0%=0;0%=0;0;0;0.000000;0.000000;0;0;0.000000%;0.000000;0.000000;1.193329%;23.328256%;2375557;0;232;85.8%;6.7%;1.2%;0.3%;0.1%;6.0%;0.0%;0.00%;50.95%;34.59%;4.30%;0.12%;0.10%;2.47%;0.87%;0.28%;0.12%;0.17%;5.29%;0.74%;0.00%;0.00%;0.00%;0.00%;0.00%;0.00%;0.00%;0.00%;0.00%;sda;487422;9;1;8;52168;11;52180;74.95%
1682236353;1682236417;1;9000;3;fio-3.28;IOPS-read;0;0;10800000;179994;44998;60002;0;2553;25.128369;47.936859;2;4519;334.974504;991.196488;1.000000%=3;5.000000%=3;10.000000%=3;20.000000%=3;30.000000%=3;40.000000%=3;50.000000%=3;60.000000%=3;70.000000%=4;80.000000%=8;90.000000%=569;95.000000%=3325;99.000000%=3915;99.500000%=4014;99.900000%=4145;99.950000%=4227;99.990000%=4292;0%=0;0%=0;0%=0;5;6641;361.325013;1018.127159;174368;185832;100.000000%;180097.008403;381.635172;0;0;0;0;0;0;0.000000;0.000000;0;0;0.000000;0.000000;1.000000%=0;5.000000%=0;10.000000%=0;20.000000%=0;30.000000%=0;40.000000%=0;50.000000%=0;60.000000%=0;70.000000%=0;80.000000%=0;90.000000%=0;95.000000%=0;99.000000%=0;99.500000%=0;99.900000%=0;99.950000%=0;99.990000%=0;0%=0;0%=0;0%=0;0;0;0.000000;0.000000;0;0;0.000000%;0.000000;0.000000;1.751994%;24.578918%;2618450;0;228;80.6%;7.9%;1.5%;0.3%;0.1%;9.5%;0.0%;0.00%;68.97%;11.64%;5.72%;0.16%;0.16%;2.36%;0.90%;0.26%;0.12%;0.17%;9.01%;0.53%;0.00%;0.00%;0.00%;0.00%;0.00%;0.00%;0.00%;0.00%;0.00%;sda;540651;9;0;8;57189;3;57193;75.70%
1682236417;1682236482;1;10000;3;fio-3.28;IOPS-read;0;0;12000000;199990;49997;60003;0;3087;26.112413;49.667230;2;4921;519.893524;1155.673443;1.000000%=3;5.000000%=3;10.000000%=3;20.000000%=3;30.000000%=3;40.000000%=4;50.000000%=4;60.000000%=4;70.000000%=5;80.000000%=14;90.000000%=2801;95.000000%=3424;99.000000%=4014;99.500000%=4112;99.900000%=4227;99.950000%=4292;99.990000%=4423;0%=0;0%=0;0%=0;5;6544;547.364340;1186.461157;187648;212616;100.000000%;200117.109244;1108.974101;0;0;0;0;0;0;0.000000;0.000000;0;0;0.000000;0.000000;1.000000%=0;5.000000%=0;10.000000%=0;20.000000%=0;30.000000%=0;40.000000%=0;50.000000%=0;60.000000%=0;70.000000%=0;80.000000%=0;90.000000%=0;95.000000%=0;99.000000%=0;99.500000%=0;99.900000%=0;99.950000%=0;99.990000%=0;0%=0;0%=0;0%=0;0;0;0.000000;0.000000;0;0;0.000000%;0.000000;0.000000;1.870315%;33.088002%;2712582;0;228;74.7%;7.2%;0.9%;0.2%;0.1%;16.9%;0.0%;0.00%;36.27%;38.32%;5.81%;0.19%;0.03%;1.67%;0.49%;0.13%;0.06%;1.08%;14.97%;0.99%;0.00%;0.00%;0.00%;0.00%;0.00%;0.00%;0.00%;0.00%;0.00%;sda;605906;8;1;7;67047;2;67051;76.23%
1682236482;1682236546;1;11000;3;fio-3.28;IOPS-read;0;0;13200000;219992;54998;60002;0;3303;26.351358;49.952285;2;4789;613.664870;1189.351390;1.000000%=3;5.000000%=3;10.000000%=3;20.000000%=3;30.000000%=3;40.000000%=3;50.000000%=4;60.000000%=4;70.000000%=5;80.000000%=1761;90.000000%=2834;95.000000%=3424;99.000000%=3981;99.500000%=4079;99.900000%=4227;99.950000%=4292;99.990000%=4423;0%=0;0%=0;0%=0;5;7908;641.340256;1221.111548;201040;239240;100.000000%;220141.579832;1900.600416;0;0;0;0;0;0;0.000000;0.000000;0;0;0.000000;0.000000;1.000000%=0;5.000000%=0;10.000000%=0;20.000000%=0;30.000000%=0;40.000000%=0;50.000000%=0;60.000000%=0;70.000000%=0;80.000000%=0;90.000000%=0;95.000000%=0;99.000000%=0;99.500000%=0;99.900000%=0;99.950000%=0;99.990000%=0;0%=0;0%=0;0%=0;0;0;0.000000;0.000000;0;0;0.000000%;0.000000;0.000000;3.436322%;72.212426%;671211;0;235;71.6%;5.5%;0.7%;0.1%;0.1%;22.0%;0.0%;0.00%;42.59%;28.89%;4.64%;0.24%;0.02%;1.08%;0.31%;0.08%;0.06%;4.09%;17.10%;0.89%;0.00%;0.00%;0.00%;0.00%;0.00%;0.00%;0.00%;0.00%;0.00%;sda;666416;8;1;7;73633;2;73637;76.62%
1682236546;1682236610;1;12000;3;fio-3.28;IOPS-read;0;0;14400000;239992;59998;60002;0;2544;25.989441;49.966426;2;4730;683.645220;1198.210649;1.000000%=3;5.000000%=3;10.000000%=3;20.000000%=3;30.000000%=3;40.000000%=3;50.000000%=4;60.000000%=4;70.000000%=11;80.000000%=1843;90.000000%=2801;95.000000%=3424;99.000000%=3981;99.500000%=4112;99.900000%=4227;99.950000%=4292;99.990000%=4423;0%=0;0%=0;0%=0;5;7106;710.958412;1230.617471;212216;268072;100.000000%;240140.773109;2960.358491;0;0;0;0;0;0;0.000000;0.000000;0;0;0.000000;0.000000;1.000000%=0;5.000000%=0;10.000000%=0;20.000000%=0;30.000000%=0;40.000000%=0;50.000000%=0;60.000000%=0;70.000000%=0;80.000000%=0;90.000000%=0;95.000000%=0;99.000000%=0;99.500000%=0;99.900000%=0;99.950000%=0;99.990000%=0;0%=0;0%=0;0%=0;0;0;0.000000;0.000000;0;0;0.000000%;0.000000;0.000000;2.585325%;49.779501%;1892980;0;223;68.5%;4.0%;0.5%;0.1%;0.1%;26.8%;0.0%;0.00%;40.58%;27.84%;3.53%;0.23%;0.03%;0.66%;0.19%;0.09%;0.27%;8.32%;17.29%;0.98%;0.00%;0.00%;0.00%;0.00%;0.00%;0.00%;0.00%;0.00%;0.00%;sda;720865;8;2;7;80524;2;80527;77.07%
1682236610;1682236675;1;13000;3;fio-3.28;IOPS-read;0;0;15600000;259991;64997;60002;0;3164;26.180705;50.381005;2;4761;744.092495;1197.026983;1.000000%=3;5.000000%=3;10.000000%=3;20.000000%=3;30.000000%=3;40.000000%=4;50.000000%=4;60.000000%=4;70.000000%=1056;80.000000%=1875;90.000000%=2801;95.000000%=3424;99.000000%=3981;99.500000%=4079;99.900000%=4227;99.950000%=4292;99.990000%=4423;0%=0;0%=0;0%=0;5;7346;771.600150;1229.712220;223144;297144;99.961030%;259889.680672;4177.378053;0;0;0;0;0;0;0.000000;0.000000;0;0;0.000000;0.000000;1.000000%=0;5.000000%=0;10.000000%=0;20.000000%=0;30.000000%=0;40.000000%=0;50.000000%=0;60.000000%=0;70.000000%=0;80.000000%=0;90.000000%=0;95.000000%=0;99.000000%=0;99.500000%=0;99.900000%=0;99.950000%=0;99.990000%=0;0%=0;0%=0;0%=0;0;0;0.000000;0.000000;0;0;0.000000%;0.000000;0.000000;3.058323%;68.194439%;788274;0;225;64.7%;3.1%;0.4%;0.1%;0.1%;31.6%;0.0%;0.00%;39.77%;24.89%;2.78%;0.24%;0.03%;0.44%;0.14%;0.24%;1.07%;11.99%;17.47%;0.95%;0.00%;0.00%;0.00%;0.00%;0.00%;0.00%;0.00%;0.00%;0.00%;sda;786036;8;1;7;87849;3;87853;77.42%
1682236675;1682236739;1;14000;3;fio-3.28;IOPS-read;0;0;16780216;279665;69916;60001;0;3172;26.361223;50.604651;2;5805;793.155031;1192.372289;1.000000%=3;5.000000%=3;10.000000%=3;20.000000%=3;30.000000%=3;40.000000%=4;50.000000%=4;60.000000%=5;70.000000%=1187;80.000000%=1875;90.000000%=2834;95.000000%=3424;99.000000%=3981;99.500000%=4079;99.900000%=4227;99.950000%=4292;99.990000%=4423;0%=0;0%=0;0%=0;5;7827;820.840088;1225.270588;232264;328088;100.000000%;280179.764706;5709.411241;0;0;0;0;0;0;0.000000;0.000000;0;0;0.000000;0.000000;1.000000%=0;5.000000%=0;10.000000%=0;20.000000%=0;30.000000%=0;40.000000%=0;50.000000%=0;60.000000%=0;70.000000%=0;80.000000%=0;90.000000%=0;95.000000%=0;99.000000%=0;99.500000%=0;99.900000%=0;99.950000%=0;99.990000%=0;0%=0;0%=0;0%=0;0;0;0.000000;0.000000;0;0;0.000000%;0.000000;0.000000;3.103333%;65.810000%;848888;0;233;60.8%;2.5%;0.3%;0.1%;0.1%;36.2%;0.0%;0.00%;36.37%;24.42%;2.27%;0.23%;0.03%;0.31%;0.16%;0.85%;2.53%;14.32%;17.53%;0.98%;0.00%;0.00%;0.00%;0.00%;0.00%;0.00%;0.00%;0.00%;0.00%;sda;842938;9;3;8;94505;4;94510;77.66%
1682236739;1682236804;1;15000;3;fio-3.28;IOPS-read;0;0;18000000;299985;74996;60003;0;2513;26.182020;50.162509;2;8976;818.914678;1173.801138;1.000000%=3;5.000000%=3;10.000000%=3;20.000000%=3;30.000000%=3;40.000000%=4;50.000000%=4;60.000000%=452;70.000000%=1204;80.000000%=1859;90.000000%=2801;95.000000%=3424;99.000000%=3981;99.500000%=4079;99.900000%=4227;99.950000%=4292;99.990000%=4423;0%=0;0%=0;0%=0;5;10483;846.420267;1206.410979;242144;358320;100.000000%;300194.621849;7398.824922;0;0;0;0;0;0;0.000000;0.000000;0;0;0.000000;0.000000;1.000000%=0;5.000000%=0;10.000000%=0;20.000000%=0;30.000000%=0;40.000000%=0;50.000000%=0;60.000000%=0;70.000000%=0;80.000000%=0;90.000000%=0;95.000000%=0;99.000000%=0;99.500000%=0;99.900000%=0;99.950000%=0;99.990000%=0;0%=0;0%=0;0%=0;0;0;0.000000;0.000000;0;0;0.000000%;0.000000;0.000000;3.175968%;63.784362%;903300;0;224;57.5%;1.9%;0.2%;0.1%;0.1%;40.1%;0.0%;0.00%;34.91%;22.57%;1.79%;0.19%;0.03%;0.22%;0.35%;2.11%;4.18%;15.44%;17.33%;0.88%;0.00%;0.00%;0.00%;0.00%;0.00%;0.00%;0.00%;0.00%;0.00%;sda;901103;9;2;8;100761;4;100766;78.05%
1682236804;1682236868;1;16000;3;fio-3.28;IOPS-read;0;0;19200000;319984;79996;60003;0;4147;26.393325;50.568195;2;4694;858.257916;1167.123122;1.000000%=3;5.000000%=3;10.000000%=3;20.000000%=3;30.000000%=3;40.000000%=4;50.000000%=4;60.000000%=749;70.000000%=1220;80.000000%=1859;90.000000%=2834;95.000000%=3424;99.000000%=3981;99.500000%=4079;99.900000%=4227;99.950000%=4292;99.990000%=4423;0%=0;0%=0;0%=0;5;6189;885.975847;1199.931227;249296;391120;99.948800%;319820.168067;9815.756345;0;0;0;0;0;0;0.000000;0.000000;0;0;0.000000;0.000000;1.000000%=0;5.000000%=0;10.000000%=0;20.000000%=0;30.000000%=0;40.000000%=0;50.000000%=0;60.000000%=0;70.000000%=0;80.000000%=0;90.000000%=0;95.000000%=0;99.000000%=0;99.500000%=0;99.900000%=0;99.950000%=0;99.990000%=0;0%=0;0%=0;0%=0;0;0;0.000000;0.000000;0;0;0.000000%;0.000000;0.000000;2.990617%;61.480642%;968721;0;229;53.1%;1.6%;0.2%;0.1%;0.1%;44.9%;0.0%;0.00%;34.50%;18.61%;1.49%;0.17%;0.03%;0.17%;0.95%;4.09%;5.58%;16.03%;17.38%;0.98%;0.00%;0.00%;0.00%;0.00%;0.00%;0.00%;0.00%;0.00%;0.00%;sda;966048;8;3;7;108950;2;108953;78.29%
1682236868;1682236932;1;17000;3;fio-3.28;IOPS-read;0;0;20363436;339384;84846;60001;0;2599;26.355357;50.587982;2;9017;882.370708;1157.914158;1.000000%=3;5.000000%=3;10.000000%=3;20.000000%=3;30.000000%=3;40.000000%=4;50.000000%=12;60.000000%=774;70.000000%=1220;80.000000%=1875;90.000000%=2834;95.000000%=3424;99.000000%=3981;99.500000%=4112;99.900000%=4227;99.950000%=4292;99.990000%=4423;0%=0;0%=0;0%=0;5;10592;910.053330;1190.808057;257336;423128;100.000000%;340232.470588;11454.572889;0;0;0;0;0;0;0.000000;0.000000;0;0;0.000000;0.000000;1.000000%=0;5.000000%=0;10.000000%=0;20.000000%=0;30.000000%=0;40.000000%=0;50.000000%=0;60.000000%=0;70.000000%=0;80.000000%=0;90.000000%=0;95.000000%=0;99.000000%=0;99.500000%=0;99.900000%=0;99.950000%=0;99.990000%=0;0%=0;0%=0;0%=0;0;0;0.000000;0.000000;0;0;0.000000%;0.000000;0.000000;3.324000%;59.069000%;1027073;0;225;49.7%;1.2%;0.1%;0.1%;0.1%;48.9%;0.0%;0.00%;31.83%;17.61%;1.30%;0.13%;0.03%;0.13%;2.10%;6.12%;6.35%;15.97%;17.44%;0.98%;0.00%;0.00%;0.00%;0.00%;0.00%;0.00%;0.00%;0.00%;0.00%;sda;1020649;9;1;8;115316;2;115320;78.62%
1682236932;1682236997;1;18000;3;fio-3.28;IOPS-read;0;0;21600000;359982;89995;60003;0;3632;26.203560;50.490603;3;8777;899.130580;1142.768649;1.000000%=3;5.000000%=3;10.000000%=3;20.000000%=3;30.000000%=4;40.000000%=4;50.000000%=440;60.000000%=782;70.000000%=1204;80.000000%=1859;90.000000%=2801;95.000000%=3424;99.000000%=3981;99.500000%=4079;99.900000%=4227;99.950000%=4292;99.990000%=4423;0%=0;0%=0;0%=0;5;10336;926.664470;1175.518413;265688;454720;99.867701%;359505.747899;13725.219603;0;0;0;0;0;0;0.000000;0.000000;0;0;0.000000;0.000000;1.000000%=0;5.000000%=0;10.000000%=0;20.000000%=0;30.000000%=0;40.000000%=0;50.000000%=0;60.000000%=0;70.000000%=0;80.000000%=0;90.000000%=0;95.000000%=0;99.000000%=0;99.500000%=0;99.900000%=0;99.950000%=0;99.990000%=0;0%=0;0%=0;0%=0;0;0;0.000000;0.000000;0;0;0.000000%;0.000000;0.000000;3.618297%;56.688100%;1083939;0;223;46.0%;0.8%;0.1%;0.1%;0.1%;52.9%;0.0%;0.00%;27.24%;18.67%;0.87%;0.11%;0.03%;0.11%;4.01%;7.96%;6.70%;16.03%;17.32%;0.95%;0.00%;0.00%;0.00%;0.00%;0.00%;0.00%;0.00%;0.00%;0.00%;sda;1081326;8;3;7;121968;2;121971;79.02%
1682236997;1682237061;1;19000;3;fio-3.28;IOPS-read;0;0;22800000;379987;94996;60002;0;3196;26.366088;50.685475;2;4786;923.731268;1133.419533;1.000000%=3;5.000000%=3;10.000000%=3;20.000000%=3;30.000000%=4;40.000000%=4;50.000000%=522;60.000000%=790;70.000000%=1220;80.000000%=1859;90.000000%=2834;95.000000%=3424;99.000000%=3981;99.500000%=4079;99.900000%=4227;99.950000%=4292;99.990000%=4423;0%=0;0%=0;0%=0;5;7580;951.434733;1166.220888;269440;491024;100.000000%;380071.596639;15775.875837;0;0;0;0;0;0;0.000000;0.000000;0;0;0.000000;0.000000;1.000000%=0;5.000000%=0;10.000000%=0;20.000000%=0;30.000000%=0;40.000000%=0;50.000000%=0;60.000000%=0;70.000000%=0;80.000000%=0;90.000000%=0;95.000000%=0;99.000000%=0;99.500000%=0;99.900000%=0;99.950000%=0;99.990000%=0;0%=0;0%=0;0%=0;0;0;0.000000;0.000000;0;0;0.000000%;0.000000;0.000000;2.820657%;55.060816%;1149373;0;226;41.8%;0.6%;0.1%;0.1%;0.1%;57.4%;0.0%;0.00%;21.54%;20.25%;0.51%;0.10%;0.03%;0.10%;6.74%;9.36%;6.85%;16.17%;17.37%;0.97%;0.00%;0.00%;0.00%;0.00%;0.00%;0.00%;0.00%;0.00%;0.00%;sda;1144199;9;3;10;129369;3;129374;79.12%
1682237061;1682237125;1;20000;3;fio-3.28;IOPS-read;0;0;23955980;399259;99814;60001;0;2918;26.267675;50.594579;3;4738;936.248024;1123.338660;1.000000%=3;5.000000%=3;10.000000%=3;20.000000%=3;30.000000%=4;40.000000%=309;50.000000%=528;60.000000%=782;70.000000%=1204;80.000000%=1859;90.000000%=2834;95.000000%=3424;99.000000%=3981;99.500000%=4079;99.900000%=4227;99.950000%=4292;99.990000%=4423;0%=0;0%=0;0%=0;5;7165;963.846930;1156.144381;277056;520232;100.000000%;400276.773109;17266.372991;0;0;0;0;0;0;0.000000;0.000000;0;0;0.000000;0.000000;1.000000%=0;5.000000%=0;10.000000%=0;20.000000%=0;30.000000%=0;40.000000%=0;50.000000%=0;60.000000%=0;70.000000%=0;80.000000%=0;90.000000%=0;95.000000%=0;99.000000%=0;99.500000%=0;99.900000%=0;99.950000%=0;99.990000%=0;0%=0;0%=0;0%=0;0;0;0.000000;0.000000;0;0;0.000000%;0.000000;0.000000;3.691000%;52.113667%;1206001;0;223;38.3%;0.4%;0.1%;0.1%;0.1%;61.1%;0.0%;0.00%;24.20%;13.98%;0.46%;0.10%;0.04%;0.10%;9.80%;10.16%;6.82%;16.02%;17.38%;0.96%;0.00%;0.00%;0.00%;0.00%;0.00%;0.00%;0.00%;0.00%;0.00%;sda;1199022;10;4;7;135104;3;135109;79.38%
1682237125;1682237190;1;21000;3;fio-3.28;IOPS-read;0;0;25200000;419979;104994;60003;0;3245;26.325412;50.396264;2;9091;951.982259;1111.178288;1.000000%=3;5.000000%=3;10.000000%=3;20.000000%=3;30.000000%=4;40.000000%=333;50.000000%=536;60.000000%=782;70.000000%=1204;80.000000%=1859;90.000000%=2801;95.000000%=3424;99.000000%=3981;99.500000%=4079;99.900000%=4227;99.950000%=4292;99.990000%=4423;0%=0;0%=0;0%=0;5;10646;979.640330;1143.824675;283904;543280;99.842671%;419318.252101;18647.357000;0;0;0;0;0;0;0.000000;0.000000;0;0;0.000000;0.000000;1.000000%=0;5.000000%=0;10.000000%=0;20.000000%=0;30.000000%=0;40.000000%=0;50.000000%=0;60.000000%=0;70.000000%=0;80.000000%=0;90.000000%=0;95.000000%=0;99.000000%=0;99.500000%=0;99.900000%=0;99.950000%=0;99.990000%=0;0%=0;0%=0;0%=0;0;0;0.000000;0.000000;0;0;0.000000%;0.000000;0.000000;3.347300%;50.360830%;1264646;0;233;34.2%;0.2%;0.1%;0.1%;0.1%;65.3%;0.0%;0.00%;21.55%;12.67%;0.19%;0.07%;0.03%;0.10%;13.57%;10.57%;6.89%;16.08%;17.33%;0.96%;0.00%;0.00%;0.00%;0.00%;0.00%;0.00%;0.00%;0.00%;0.00%;sda;1261550;10;2;7;142497;4;142502;79.87%
1682237190;1682237254;1;22000;3;fio-3.28;IOPS-read;0;0;26332076;438860;109715;60001;0;3304;26.377019;50.379726;3;10072;965.473282;1100.455090;1.000000%=3;5.000000%=3;10.000000%=3;20.000000%=3;30.000000%=4;40.000000%=399;50.000000%=536;60.000000%=782;70.000000%=1220;80.000000%=1859;90.000000%=2801;95.000000%=3424;99.000000%=3981;99.500000%=4079;99.900000%=4227;99.950000%=4292;99.990000%=4423;0%=0;0%=0;0%=0;5;10413;993.180768;1133.036459;288728;563208;100.000000%;440305.680672;19663.160962;0;0;0;0;0;0;0.000000;0.000000;0;0;0.000000;0.000000;1.000000%=0;5.000000%=0;10.000000%=0;20.000000%=0;30.000000%=0;40.000000%=0;50.000000%=0;60.000000%=0;70.000000%=0;80.000000%=0;90.000000%=0;95.000000%=0;99.000000%=0;99.500000%=0;99.900000%=0;99.950000%=0;99.990000%=0;0%=0;0%=0;0%=0;0;0;0.000000;0.000000;0;0;0.000000%;0.000000;0.000000;2.949667%;48.391000%;1328528;0;235;30.5%;0.1%;0.1%;0.1%;0.1%;69.2%;0.0%;0.00%;21.10%;9.33%;0.15%;0.05%;0.04%;0.10%;17.15%;10.80%;6.84%;16.11%;17.46%;0.86%;0.01%;0.00%;0.00%;0.00%;0.00%;0.00%;0.00%;0.00%;0.00%;sda;1321800;9;1;6;148145;3;148149;79.89%
1682237254;1682237319;1;23000;3;fio-3.28;IOPS-read;0;0;27552472;459200;114800;60001;0;2267;26.238485;50.461494;3;4860;979.002722;1091.451694;1.000000%=3;5.000000%=3;10.000000%=3;20.000000%=4;30.000000%=309;40.000000%=407;50.000000%=536;60.000000%=782;70.000000%=1204;80.000000%=1859;90.000000%=2801;95.000000%=3424;99.000000%=3981;99.500000%=4079;99.900000%=4227;99.950000%=4292;99.990000%=4423;0%=0;0%=0;0%=0;5;6683;1006.580587;1124.189052;293776;578976;99.958847%;459011.025210;20244.082659;0;0;0;0;0;0;0.000000;0.000000;0;0;0.000000;0.000000;1.000000%=0;5.000000%=0;10.000000%=0;20.000000%=0;30.000000%=0;40.000000%=0;50.000000%=0;60.000000%=0;70.000000%=0;80.000000%=0;90.000000%=0;95.000000%=0;99.000000%=0;99.500000%=0;99.900000%=0;99.950000%=0;99.990000%=0;0%=0;0%=0;0%=0;0;0;0.000000;0.000000;0;0;0.000000%;0.000000;0.000000;3.268000%;46.004000%;1385397;0;229;26.3%;0.1%;0.1%;0.1%;0.1%;73.5%;0.0%;0.00%;15.54%;10.59%;0.19%;0.04%;0.04%;0.10%;21.46%;10.89%;6.83%;16.02%;17.36%;0.94%;0.00%;0.00%;0.00%;0.00%;0.00%;0.00%;0.00%;0.00%;0.00%;sda;1377930;10;3;7;155091;3;155096;80.26%
1682237319;1682237383;1;24000;3;fio-3.28;IOPS-read;0;0;28800000;479984;119996;60002;0;2841;26.218009;50.478101;3;8813;994.746685;1080.913751;1.000000%=3;5.000000%=3;10.000000%=3;20.000000%=4;30.000000%=313;40.000000%=411;50.000000%=536;60.000000%=782;70.000000%=1204;80.000000%=1859;90.000000%=2801;95.000000%=3424;99.000000%=4014;99.500000%=4112;99.900000%=4292;99.950000%=4292;99.990000%=4423;0%=0;0%=0;0%=0;5;10378;1022.303492;1113.681555;298904;590336;99.905207%;479529.008403;20341.297977;0;0;0;0;0;0;0.000000;0.000000;0;0;0.000000;0.000000;1.000000%=0;5.000000%=0;10.000000%=0;20.000000%=0;30.000000%=0;40.000000%=0;50.000000%=0;60.000000%=0;70.000000%=0;80.000000%=0;90.000000%=0;95.000000%=0;99.000000%=0;99.500000%=0;99.900000%=0;99.950000%=0;99.990000%=0;0%=0;0%=0;0%=0;0;0;0.000000;0.000000;0;0;0.000000%;0.000000;0.000000;2.686982%;44.362704%;1445220;0;228;21.7%;0.1%;0.1%;0.1%;0.1%;78.0%;0.0%;0.00%;14.85%;6.88%;0.02%;0.02%;0.04%;0.11%;25.99%;10.86%;6.86%;16.09%;17.29%;0.99%;0.00%;0.00%;0.00%;0.00%;0.00%;0.00%;0.00%;0.00%;0.00%;sda;1441576;10;5;7;162919;3;162923;81.49%
1682237383;1682237447;1;25000;3;fio-3.28;IOPS-read;0;0;29904768;498404;124601;60001;0;3483;26.534389;51.239384;3;15916;1017.961719;1087.883943;1.000000%=3;5.000000%=3;10.000000%=3;20.000000%=305;30.000000%=317;40.000000%=411;50.000000%=536;60.000000%=790;70.000000%=1220;80.000000%=1875;90.000000%=2834;95.000000%=3457;99.000000%=4014;99.500000%=4112;99.900000%=4358;99.950000%=5013;99.990000%=11206;0%=0;0%=0;0%=0;5;15992;1045.833565;1121.163657;305080;604888;100.000000%;500344.336134;19663.499545;0;0;0;0;0;0;0.000000;0.000000;0;0;0.000000;0.000000;1.000000%=0;5.000000%=0;10.000000%=0;20.000000%=0;30.000000%=0;40.000000%=0;50.000000%=0;60.000000%=0;70.000000%=0;80.000000%=0;90.000000%=0;95.000000%=0;99.000000%=0;99.500000%=0;99.900000%=0;99.950000%=0;99.990000%=0;0%=0;0%=0;0%=0;0;0;0.000000;0.000000;0;0;0.000000%;0.000000;0.000000;2.572000%;41.903333%;1510450;0;228;17.0%;0.1%;0.1%;0.1%;0.1%;82.8%;0.0%;0.00%;11.44%;5.51%;0.01%;0.01%;0.03%;0.10%;30.67%;10.85%;6.83%;16.07%;17.40%;1.04%;0.02%;0.00%;0.00%;0.00%;0.00%;0.00%;0.00%;0.00%;0.00%;sda;1504218;110;545;58;171054;24;171086;83.80%
