Start,End,Iteration,Iops
1682106322,1682106386,1,1000
1682106386,1682106450,1,2000
1682106450,1682106515,1,3000
1682106515,1682106579,1,4000
1682106579,1682106644,1,5000
1682106644,1682106708,1,6000
1682106708,1682106772,1,7000
1682106772,1682106837,1,8000
1682106837,1682106901,1,9000
1682106901,1682106965,1,10000
1682106965,1682107030,1,11000
1682107030,1682107094,1,12000
1682107094,1682107159,1,13000
1682107159,1682107223,1,14000
1682107223,1682107287,1,15000
1682107287,1682107352,1,16000
1682107352,1682107416,1,17000
1682107416,1682107480,1,18000
1682107480,1682107545,1,19000
1682107545,1682107609,1,20000
1682107609,1682107673,1,21000
1682107673,1682107738,1,22000
1682107738,1682107802,1,23000
1682107802,1682107867,1,24000
1682107867,1682107931,1,25000
1682235838,1682235902,1,1000
1682235902,1682235967,1,2000
1682235967,1682236031,1,3000
1682236031,1682236096,1,4000
1682236096,1682236160,1,5000
1682236160,1682236224,1,6000
1682236224,1682236289,1,7000
1682236289,1682236353,1,8000
1682236353,1682236417,1,9000
1682236417,1682236482,1,10000
1682236482,1682236546,1,11000
1682236546,1682236610,1,12000
1682236610,1682236675,1,13000
1682236675,1682236739,1,14000
1682236739,1682236804,1,15000
1682236804,1682236868,1,16000
1682236868,1682236932,1,17000
1682236932,1682236997,1,18000
1682236997,1682237061,1,19000
1682237061,1682237125,1,20000
1682237125,1682237190,1,21000
1682237190,1682237254,1,22000
1682237254,1682237319,1,23000
1682237319,1682237383,1,24000
1682237383,1682237447,1,25000
